Company_ID,Date,Sponsor,Govt,Institute,Foreign,Public
DSE-1-8769,"Jun 30, 2022",33.04,0.00,28.73,0.00,38.23
DSE-1-8769,"Apr 30, 2023",33.04,0.00,20.15,0.00,46.81
DSE-1-8769,"May 31, 2023",33.04,0.00,21.69,0.00,45.27
DSE-2-4563,"Jun 30, 2022",30.01,0.00,27.96,0.00,42.03
DSE-2-4563,"Apr 30, 2023",30.01,0.00,35.34,0.00,34.65
DSE-2-4563,"May 31, 2023",30.01,0.00,33.25,0.00,36.74
DSE-3-6281,"Jun 30, 2022",15.51,0.00,21.56,0.00,62.93
DSE-3-6281,"Apr 30, 2023",15.51,0.00,14.40,0.00,70.09
DSE-3-6281,"May 31, 2023",15.51,0.00,14.52,0.00,69.97
DSE-4-3282,"Dec 31, 2021",31.67,0.57,23.49,0.88,43.39
DSE-4-3282,"Apr 30, 2023",31.67,0.57,22.83,0.79,44.14
DSE-4-3282,"May 31, 2023",31.67,0.57,22.82,0.79,44.15
DSE-5-3538,"Dec 31, 2022",0.00,0.00,0.00,0.00,0.00
DSE-6-9574,"Jun 30, 2022",65.06,0.00,10.66,0.11,24.17
DSE-6-9574,"Apr 30, 2023",49.58,0.00,14.25,0.10,36.07
DSE-6-9574,"May 31, 2023",49.58,0.00,14.25,0.10,36.07
DSE-7-5078,"Jun 30, 2022",35.28,0.00,40.75,0.00,23.97
DSE-7-5078,"Apr 30, 2023",36.07,0.00,41.07,0.00,22.86
DSE-7-5078,"May 31, 2023",36.07,0.00,41.07,0.00,22.86
DSE-8-5070,"Jun 30, 2022",66.02,0.00,17.96,0.00,16.02
DSE-8-5070,"Apr 30, 2023",66.02,0.00,20.61,0.00,13.37
DSE-8-5070,"May 31, 2023",66.02,0.00,19.94,0.00,14.04
DSE-9-7969,"Jun 30, 2022",39.83,0.00,31.05,0.13,28.99
DSE-9-7969,"Apr 30, 2023",39.88,0.00,30.32,0.14,29.66
DSE-9-7969,"May 31, 2023",39.88,0.00,30.04,0.14,29.94
DSE-10-4746,"Jun 30, 2022",31.80,0.00,27.23,0.01,40.96
DSE-10-4746,"Apr 30, 2023",31.80,0.00,25.25,0.00,42.95
DSE-10-4746,"May 31, 2023",31.80,0.00,25.25,0.00,42.95
DSE-11-3637,"Jun 30, 2022",12.04,0.00,25.13,3.11,59.72
DSE-11-3637,"Apr 30, 2023",12.04,0.00,21.84,0.27,65.85
DSE-11-3637,"May 31, 2023",12.04,0.00,21.84,0.27,65.85
DSE-12-6405,"Jun 30, 2022",51.56,0.00,16.57,1.99,29.88
DSE-12-6405,"Apr 30, 2023",44.91,0.00,16.71,1.99,36.39
DSE-12-6405,"May 31, 2023",44.91,0.00,18.74,1.99,34.36
DSE-13-3157,"Jun 30, 2022",30.02,0.00,23.55,0.00,46.43
DSE-13-3157,"Apr 30, 2023",30.02,0.00,18.71,0.00,51.27
DSE-13-3157,"May 31, 2023",30.02,0.00,25.60,0.00,44.38
DSE-14-8495,"Jun 30, 2022",30.29,0.00,36.51,0.00,33.20
DSE-14-8495,"Apr 30, 2023",27.84,0.00,35.96,0.00,36.20
DSE-14-8495,"May 31, 2023",27.84,0.00,35.96,0.00,36.20
DSE-15-5584,"Jun 30, 2022",30.00,0.00,36.73,0.00,33.27
DSE-15-5584,"Apr 30, 2023",29.32,0.00,36.58,0.00,34.10
DSE-15-5584,"May 31, 2023",29.32,0.00,37.26,0.00,33.42
DSE-16-9966,"Jun 30, 2022",32.76,0.00,10.91,0.00,56.33
DSE-16-9966,"Apr 30, 2023",32.76,0.00,10.06,0.00,57.18
DSE-16-9966,"May 31, 2023",32.76,0.00,7.73,0.00,59.51
DSE-17-8853,"Dec 31, 2021",30.15,0.00,14.12,0.00,55.73
DSE-17-8853,"Apr 30, 2023",30.15,0.00,16.02,0.00,53.83
DSE-17-8853,"May 31, 2023",30.15,0.00,17.47,0.00,52.38
DSE-18-7188,"Mar 31, 2022",10.00,0.00,52.60,0.00,37.40
DSE-18-7188,"Apr 30, 2023",10.00,0.00,53.25,0.00,36.75
DSE-18-7188,"May 31, 2023",10.00,0.00,53.32,0.00,36.68
DSE-19-2140,"Dec 31, 2020",0.00,0.00,0.00,0.00,0.00
DSE-20-8737,"Jun 30, 2022",33.35,0.00,11.22,0.00,55.43
DSE-20-8737,"Apr 30, 2023",33.35,0.00,14.61,0.00,52.04
DSE-20-8737,"May 31, 2023",33.35,0.00,25.09,0.00,41.56
DSE-21-5924,"Jun 30, 2022",25.63,0.01,19.96,0.00,54.40
DSE-21-5924,"Apr 30, 2023",25.63,0.01,16.46,0.00,57.90
DSE-21-5924,"May 31, 2023",25.63,0.01,16.67,0.00,57.69
DSE-22-4893,"Dec 31, 2021",41.87,0.00,29.35,0.52,28.26
DSE-22-4893,"Apr 30, 2023",42.37,0.00,30.38,0.45,26.80
DSE-22-4893,"May 31, 2023",45.46,0.00,27.42,0.45,26.67
DSE-23-3990,"Jun 30, 2022",30.46,0.00,7.80,0.00,61.74
DSE-23-3990,"Apr 30, 2023",30.46,0.00,4.14,0.00,65.40
DSE-23-3990,"May 31, 2023",30.46,0.00,4.47,0.00,65.07
DSE-24-3465,"Jun 30, 2022",40.74,0.00,11.64,0.00,47.62
DSE-24-3465,"Apr 30, 2023",40.74,0.00,6.43,0.00,52.83
DSE-24-3465,"May 31, 2023",40.74,0.00,6.44,0.00,52.82
DSE-25-3754,"Jun 30, 2022",63.26,0.00,10.33,0.05,26.36
DSE-25-3754,"Apr 30, 2023",63.26,0.00,7.87,0.05,28.82
DSE-25-3754,"May 31, 2023",63.26,0.00,10.26,0.05,26.43
DSE-26-4620,"Jun 30, 2022",75.25,0.00,9.63,0.00,13.12
DSE-26-4620,"Mar 31, 2023",77.25,0.00,5.70,0.00,17.05
DSE-26-4620,"Apr 30, 2023",77.25,0.00,6.70,0.00,16.05
DSE-27-9723,"Jun 30, 2022",40.15,0.00,16.24,0.00,43.61
DSE-27-9723,"Apr 30, 2023",40.15,0.00,16.23,0.00,43.62
DSE-27-9723,"May 31, 2023",40.15,0.00,16.26,0.00,43.59
DSE-28-2190,"Jun 30, 2022",44.43,0.00,5.02,0.00,50.55
DSE-28-2190,"Apr 30, 2023",44.43,0.00,5.50,0.00,50.07
DSE-28-2190,"May 31, 2023",44.43,0.00,4.74,0.00,50.83
DSE-29-7314,"Jun 30, 2022",35.32,0.00,22.55,0.00,42.13
DSE-29-7314,"Apr 30, 2023",35.32,0.00,27.72,0.00,36.96
DSE-29-7314,"May 31, 2023",35.32,0.00,21.16,0.00,43.52
DSE-30-5398,"Jun 30, 2022",30.65,0.00,23.96,0.13,45.26
DSE-30-5398,"Apr 30, 2023",30.65,0.00,24.08,0.43,44.84
DSE-30-5398,"May 31, 2023",30.65,0.00,23.00,0.43,45.92
DSE-31-4922,"Jun 30, 2022",36.06,0.00,4.26,0.00,59.68
DSE-31-4922,"Apr 30, 2023",53.39,0.00,15.72,0.00,30.89
DSE-31-4922,"May 31, 2023",53.39,0.00,8.97,0.00,37.64
DSE-32-9182,"Jun 30, 2022",31.75,0.00,24.26,0.00,43.99
DSE-32-9182,"Apr 30, 2023",30.86,0.00,15.44,0.00,53.70
DSE-32-9182,"May 31, 2023",30.86,0.00,16.34,0.00,52.80
DSE-33-5063,"Jun 30, 2022",52.98,0.00,13.14,0.25,33.63
DSE-33-5063,"Apr 30, 2023",52.98,0.00,14.88,0.25,31.89
DSE-33-5063,"May 31, 2023",52.98,0.00,13.41,0.25,33.36
DSE-34-1402,"Jun 30, 2022",30.40,0.00,30.00,0.00,39.60
DSE-34-1402,"Apr 30, 2023",30.40,0.00,34.52,0.00,35.08
DSE-34-1402,"May 31, 2023",30.40,0.00,37.72,0.00,31.88
DSE-35-7293,"Jun 30, 2018",21.19,0.00,23.60,0.69,54.52
DSE-35-7293,"Jul 31, 2021",20.24,0.00,21.93,0.50,57.33
DSE-35-7293,"Sep 30, 2021",20.24,0.00,20.53,0.42,58.81
DSE-36-4655,"Jun 30, 2019",0.00,0.00,0.00,0.00,0.00
DSE-37-7261,"Jun 30, 2022",45.92,0.00,10.45,0.00,43.63
DSE-37-7261,"Apr 30, 2023",63.58,0.00,11.90,0.00,24.52
DSE-37-7261,"May 31, 2023",63.58,0.00,11.74,0.00,24.68
DSE-38-8682,"Jun 30, 2022",45.92,0.00,10.45,0.00,43.63
DSE-38-8682,"Apr 30, 2023",45.92,0.00,11.45,0.00,42.63
DSE-38-8682,"May 31, 2023",45.92,0.00,11.70,0.00,42.38
DSE-39-8690,"Jun 30, 2022",36.08,0.00,33.71,0.00,30.21
DSE-39-8690,"Apr 30, 2023",35.79,0.00,33.46,0.00,30.75
DSE-39-8690,"May 31, 2023",35.79,0.00,35.61,0.00,28.60
DSE-40-7993,"Dec 31, 2021",47.63,0.00,26.67,0.00,25.70
DSE-40-7993,"Apr 30, 2023",42.67,0.00,4.85,0.00,52.48
DSE-40-7993,"May 31, 2023",42.67,0.00,6.85,0.00,50.48
DSE-41-2318,"Dec 31, 2021",37.66,0.00,25.38,0.00,36.96
DSE-41-2318,"Apr 30, 2023",39.66,0.00,30.57,0.00,29.77
DSE-41-2318,"May 31, 2023",39.66,0.00,30.27,0.00,30.07
DSE-42-9558,"Jun 30, 2022",3.24,0.00,32.55,0.17,64.04
DSE-42-9558,"Apr 30, 2023",3.24,0.00,32.55,0.17,64.04
DSE-42-9558,"May 31, 2023",3.24,0.00,32.55,0.17,64.04
DSE-43-4367,"Jun 30, 2022",0.00,51.00,16.60,0.00,32.40
DSE-43-4367,"Apr 30, 2023",0.00,51.00,16.72,0.00,32.28
DSE-43-4367,"May 31, 2023",0.00,51.00,16.76,0.00,32.24
DSE-44-6397,"Jun 30, 2022",23.93,0.00,10.49,0.00,65.58
DSE-44-6397,"Apr 30, 2023",22.81,0.00,9.14,0.00,68.05
DSE-44-6397,"May 31, 2023",20.07,0.00,9.62,0.00,70.31
DSE-45-7862,"Jun 30, 2022",31.00,0.00,5.88,0.00,63.13
DSE-45-7862,"Apr 30, 2023",30.99,0.00,5.69,0.00,63.32
DSE-45-7862,"May 31, 2023",30.99,0.00,5.95,0.00,63.06
DSE-46-8902,"Dec 31, 2022",53.36,0.00,35.72,0.21,10.71
DSE-46-8902,"Apr 30, 2023",49.28,0.00,39.77,0.21,10.74
DSE-46-8902,"May 31, 2023",49.27,0.00,39.84,0.21,10.68
DSE-47-5025,"Jun 30, 2022",31.87,0.00,27.51,0.00,40.62
DSE-47-5025,"Apr 30, 2023",31.43,0.00,26.70,0.00,41.87
DSE-47-5025,"May 31, 2023",31.43,0.00,24.73,0.00,43.84
DSE-48-6156,"Dec 31, 2021",70.00,0.00,20.52,1.58,7.90
DSE-48-6156,"Apr 30, 2023",70.00,0.00,19.96,1.35,8.69
DSE-48-6156,"May 31, 2023",70.00,0.00,19.85,1.35,8.80
DSE-49-1910,"Dec 31, 2022",72.91,0.64,12.76,6.39,7.30
DSE-49-1910,"Apr 30, 2023",72.91,0.64,12.86,6.25,7.34
DSE-49-1910,"May 31, 2023",72.91,0.64,12.87,6.23,7.35
DSE-50-1270,"Dec 31, 2021",30.07,0.00,21.71,0.15,48.07
DSE-50-1270,"Apr 30, 2023",30.07,0.00,23.19,0.00,46.74
DSE-50-1270,"May 31, 2023",30.07,0.00,23.19,0.00,46.74
DSE-51-2338,"Jun 30, 2022",30.01,0.00,33.22,0.30,36.47
DSE-51-2338,"Apr 30, 2023",30.01,0.00,21.20,0.14,48.65
DSE-51-2338,"May 31, 2023",30.01,0.00,21.23,0.14,48.62
DSE-52-1408,"Jun 30, 2022",30.98,0.00,21.92,0.52,46.58
DSE-52-1408,"Apr 30, 2023",30.98,0.00,20.56,0.47,47.99
DSE-52-1408,"May 31, 2023",30.98,0.00,20.86,0.46,47.70
DSE-53-1047,"Jun 30, 2022",30.06,0.00,11.68,0.00,58.26
DSE-53-1047,"Apr 30, 2023",30.06,0.00,16.77,0.00,53.17
DSE-53-1047,"May 31, 2023",30.06,0.00,10.71,0.00,59.23
DSE-54-8639,"Jun 30, 2022",30.00,0.00,4.96,0.00,65.04
DSE-54-8639,"Apr 30, 2023",30.00,0.00,4.64,0.00,65.36
DSE-54-8639,"May 31, 2023",30.00,0.00,4.12,0.00,65.88
DSE-55-5997,"Dec 31, 2022",31.20,0.00,12.28,0.00,56.52
DSE-55-5997,"Apr 30, 2023",31.20,0.00,14.73,0.00,54.07
DSE-55-5997,"May 31, 2023",31.20,0.00,15.09,0.00,53.71
DSE-56-5802,"Jun 30, 2022",61.88,0.00,8.96,0.03,29.14
DSE-56-5802,"Apr 30, 2023",61.88,0.00,6.60,0.03,31.49
DSE-56-5802,"May 31, 2023",61.88,0.00,6.45,0.03,31.64
DSE-57-4487,"Jun 30, 2022",0.00,99.68,0.00,0.19,0.13
DSE-57-4487,"Apr 30, 2023",0.00,99.68,0.00,0.19,0.13
DSE-57-4487,"May 31, 2023",0.00,99.68,0.00,0.19,0.13
DSE-58-5691,"Jun 30, 2022",30.32,0.00,10.27,0.79,58.62
DSE-58-5691,"Apr 30, 2023",30.32,0.00,8.85,0.81,60.02
DSE-58-5691,"May 31, 2023",30.32,0.00,9.02,0.81,59.85
DSE-59-7349,"Jun 30, 2022",49.19,0.00,22.82,0.00,27.99
DSE-59-7349,"Apr 30, 2023",49.19,0.00,23.83,0.00,26.98
DSE-59-7349,"May 31, 2023",49.19,0.00,22.65,0.00,28.16
DSE-60-9417,"Jun 30, 2019",31.01,0.00,2.88,0.72,65.39
DSE-60-9417,"Apr 30, 2023",31.01,0.00,2.88,0.72,65.39
DSE-60-9417,"May 31, 2023",31.01,0.00,2.88,0.72,65.39
DSE-61-2706,"Jun 30, 2022",34.97,0.00,15.23,0.00,49.80
DSE-61-2706,"Apr 30, 2023",34.97,0.00,13.11,0.00,51.92
DSE-61-2706,"May 31, 2023",34.97,0.00,14.62,0.00,50.41
DSE-62-7266,"Jun 30, 2022",30.00,0.00,34.05,0.00,35.95
DSE-62-7266,"Apr 30, 2023",30.00,0.00,36.14,0.00,33.86
DSE-62-7266,"May 31, 2023",30.00,0.00,36.16,0.00,33.84
DSE-63-1803,"Jun 30, 2021",53.23,0.00,29.84,0.05,16.88
DSE-63-1803,"Apr 30, 2023",53.23,0.00,29.09,0.00,17.68
DSE-63-1803,"May 31, 2023",53.23,0.00,27.97,0.00,18.80
DSE-64-6201,"Mar 31, 2022",95.00,0.00,3.73,0.13,1.14
DSE-64-6201,"Apr 30, 2023",95.00,0.00,3.68,0.20,1.12
DSE-64-6201,"May 31, 2023",95.00,0.00,3.67,0.20,1.13
DSE-65-3052,"Dec 31, 2020",0.00,0.00,0.00,0.00,0.00
DSE-65-3052,"Mar 31, 2023",0.00,0.00,95.69,0.00,4.31
DSE-65-3052,"Apr 30, 2023",0.00,0.00,95.67,0.00,4.33
DSE-66-8450,"Jun 30, 2022",33.94,0.00,28.80,0.76,36.50
DSE-66-8450,"Apr 30, 2023",33.19,0.00,31.37,0.89,34.55
DSE-66-8450,"May 31, 2023",33.19,0.00,31.97,0.89,33.95
DSE-67-8274,"Dec 31, 2021",38.27,0.00,26.33,0.00,35.40
DSE-67-8274,"Apr 30, 2023",37.87,0.00,41.59,0.00,20.54
DSE-67-8274,"May 31, 2023",37.87,0.00,41.62,0.00,20.51
DSE-68-4383,"Dec 31, 2020",34.73,0.00,47.73,0.00,17.54
DSE-68-4383,"Apr 30, 2023",40.55,0.00,41.00,0.00,18.45
DSE-68-4383,"May 31, 2023",40.55,0.00,41.02,0.00,18.43
DSE-69-8811,"Dec 31, 2021",60.13,0.00,17.50,0.09,22.28
DSE-69-8811,"Apr 30, 2023",60.13,0.00,5.23,0.00,34.64
DSE-69-8811,"May 31, 2023",60.13,0.00,5.51,0.00,34.36
DSE-70-1030,"Jun 30, 2022",70.86,0.00,6.42,0.00,22.72
DSE-70-1030,"Apr 30, 2023",70.86,0.00,8.60,0.00,20.54
DSE-70-1030,"May 31, 2023",70.86,0.00,10.07,0.00,19.07
DSE-71-3549,"Jun 30, 2022",38.15,0.00,7.17,0.00,54.68
DSE-71-3549,"Apr 30, 2023",38.15,0.00,6.99,0.00,54.86
DSE-71-3549,"May 30, 2023",38.15,0.00,7.01,0.00,54.84
DSE-72-2071,"Dec 31, 2022",46.24,0.00,13.14,33.64,6.98
DSE-72-2071,"Apr 30, 2023",46.24,0.00,13.27,33.40,7.09
DSE-72-2071,"May 31, 2023",46.24,0.00,13.32,33.33,7.11
DSE-73-5343,"Jun 30, 2022",0.00,52.10,24.30,0.00,23.60
DSE-73-5343,"Apr 30, 2023",0.00,52.10,23.90,0.00,24.00
DSE-73-5343,"May 31, 2023",0.00,52.10,23.90,0.00,24.00
DSE-74-2778,"Jun 30, 2022",0.01,73.84,16.59,2.72,6.85
DSE-74-2778,"Apr 30, 2023",0.00,73.84,15.47,2.80,7.89
DSE-74-2778,"May 31, 2023",0.00,73.84,15.73,2.75,7.68
DSE-75-3895,"Jun 30, 2022",47.12,0.00,14.47,17.49,20.92
DSE-75-3895,"Apr 30, 2023",47.12,0.00,14.77,17.29,20.82
DSE-75-3895,"May 31, 2023",47.12,0.00,14.77,17.29,20.82
DSE-76-6272,"Jun 30, 2022",72.09,0.00,17.27,0.39,10.25
DSE-76-6272,"Apr 30, 2023",72.09,0.00,17.48,0.31,10.12
DSE-76-6272,"May 31, 2023",72.09,0.00,17.53,0.31,10.07
DSE-77-8506,"Jun 30, 2022",30.14,0.00,21.82,28.61,19.43
DSE-77-8506,"Apr 30, 2023",30.14,0.00,23.64,28.95,17.27
DSE-77-8506,"May 31, 2023",30.14,0.00,23.76,28.90,17.20
DSE-78-4470,"Jun 30, 2021",35.67,0.00,24.09,0.02,40.22
DSE-78-4470,"May 31, 2022",35.67,0.00,24.64,0.02,39.67
DSE-78-4470,"Jun 30, 2022",35.67,0.00,24.64,0.02,39.67
DSE-79-2694,"Jun 30, 2022",19.95,0.00,25.13,0.00,54.92
DSE-79-2694,"Apr 30, 2023",19.95,0.00,27.35,0.00,52.70
DSE-79-2694,"May 31, 2023",19.95,0.00,23.96,0.00,56.09
DSE-80-8957,"Jun 30, 2022",66.56,0.00,1.55,0.00,31.89
DSE-80-8957,"Apr 30, 2023",66.56,0.00,1.87,0.00,31.57
DSE-80-8957,"May 31, 2023",66.56,0.00,1.24,0.00,32.20
DSE-81-4918,"Dec 31, 2021",0.00,0.00,0.00,0.00,0.00
DSE-81-4918,"Apr 30, 2023",0.00,0.00,65.00,0.00,35.00
DSE-81-4918,"May 31, 2023",0.00,0.00,65.00,0.00,35.00
DSE-82-1126,"Dec 31, 2022",33.98,1.32,15.46,0.00,49.24
DSE-82-1126,"Apr 30, 2023",33.98,1.32,14.54,0.00,50.16
DSE-82-1126,"May 31, 2023",38.66,1.32,14.54,0.00,45.48
DSE-83-8691,"Jun 30, 2022",25.89,0.00,11.01,0.00,63.10
DSE-83-8691,"Apr 30, 2023",25.89,0.00,10.35,0.00,63.76
DSE-83-8691,"May 31, 2023",25.89,0.00,10.73,0.00,63.38
DSE-84-1149,"Dec 31, 2021",32.70,0.00,22.73,3.57,41.00
DSE-84-1149,"Apr 30, 2023",30.42,0.00,26.03,5.10,38.45
DSE-84-1149,"May 31, 2023",30.42,0.00,27.00,5.01,37.57
DSE-85-7938,"Dec 31, 2022",36.06,0.00,11.75,0.12,52.07
DSE-85-7938,"Apr 30, 2023",36.06,0.00,18.35,0.12,45.47
DSE-85-7938,"May 31, 2023",36.06,0.00,28.18,0.11,35.65
DSE-86-9898,"Dec 31, 2021",60.00,0.00,8.50,0.00,31.50
DSE-86-9898,"Apr 30, 2023",60.00,0.00,7.44,0.00,32.56
DSE-86-9898,"May 31, 2023",60.00,0.00,11.55,0.00,28.45
DSE-87-4767,"Jun 30, 2016",30.29,0.00,15.04,0.00,54.67
DSE-87-4767,"Jun 30, 2017",21.14,0.00,14.49,0.00,64.37
DSE-87-4767,"Jul 31, 2017",22.14,0.00,15.67,0.00,62.19
DSE-88-9435,"Jun 30, 2022",30.03,0.00,35.59,0.00,34.38
DSE-88-9435,"Apr 30, 2023",30.34,0.00,35.54,0.00,34.12
DSE-88-9435,"May 31, 2023",30.34,0.00,35.29,0.00,34.37
DSE-89-4936,"Dec 31, 2021",32.25,0.00,7.61,0.00,60.14
DSE-89-4936,"Apr 30, 2023",32.25,0.00,9.85,0.00,57.90
DSE-89-4936,"May 31, 2023",32.25,0.00,12.02,0.00,55.73
DSE-90-3233,"Jun 30, 2022",30.07,0.00,20.87,0.00,49.06
DSE-90-3233,"Apr 30, 2023",30.07,0.00,11.06,0.00,58.87
DSE-90-3233,"May 31, 2023",30.07,0.00,11.04,0.00,58.89
DSE-91-9764,"Jun 30, 2022",67.08,0.00,17.66,0.10,15.16
DSE-91-9764,"Apr 30, 2023",67.08,0.00,17.68,0.06,15.18
DSE-91-9764,"May 31, 2023",67.08,0.00,17.76,0.06,15.10
DSE-92-1521,"Dec 31, 2021",60.00,0.00,5.13,0.02,34.85
DSE-92-1521,"Apr 30, 2023",60.00,0.00,7.92,0.03,32.05
DSE-92-1521,"May 31, 2023",55.64,0.00,13.26,0.03,31.07
DSE-93-9214,"Jun 30, 2022",45.31,0.00,16.03,0.25,38.41
DSE-93-9214,"Apr 30, 2023",45.31,0.00,15.39,0.61,38.69
DSE-93-9214,"May 31, 2023",45.31,0.00,20.55,0.38,33.76
DSE-94-7054,"Jun 30, 2022",30.10,0.00,17.41,0.48,52.01
DSE-94-7054,"Mar 31, 2023",30.10,0.00,19.49,0.43,49.98
DSE-94-7054,"Apr 30, 2023",30.10,0.00,19.48,0.43,49.99
DSE-95-7915,"Jun 30, 2022",41.39,0.00,25.47,0.17,32.97
DSE-95-7915,"Feb 28, 2023",41.40,0.00,29.35,0.16,29.09
DSE-95-7915,"Apr 30, 2023",41.40,0.00,29.35,0.16,29.09
DSE-96-5265,"Dec 31, 2022",51.32,0.00,18.82,18.23,11.63
DSE-96-5265,"Apr 30, 2023",51.32,0.00,18.84,18.19,11.65
DSE-96-5265,"May 31, 2023",51.32,0.00,18.88,18.18,11.62
DSE-97-2024,"Jun 30, 2022",16.67,0.00,32.92,5.48,44.93
DSE-97-2024,"Apr 30, 2023",16.67,0.00,33.01,5.44,44.88
DSE-97-2024,"May 31, 2023",16.67,0.00,33.14,5.44,44.75
DSE-98-5300,"Dec 31, 2022",0.00,0.00,0.00,0.00,0.00
DSE-99-2777,"Jun 30, 2001",0.00,0.00,0.00,0.00,0.00
DSE-100-8315,"Jun 30, 2001",0.00,0.00,0.00,0.00,0.00
DSE-101-1048,"Jun 30, 2001",0.00,0.00,0.00,0.00,0.00
DSE-102-2960,"Jun 30, 2001",0.00,0.00,0.00,0.00,0.00
DSE-103-5977,"Jun 30, 2001",0.00,0.00,0.00,0.00,0.00
DSE-104-4593,"Jun 30, 2001",0.00,0.00,0.00,0.00,0.00
DSE-105-2639,"Jun 30, 2001",0.00,0.00,0.00,0.00,0.00
DSE-106-7478,"Jun 30, 2001",0.00,0.00,0.00,0.00,0.00
DSE-107-4585,"Dec 31, 2018",42.05,0.00,22.56,0.00,35.39
DSE-107-4585,"Apr 30, 2023",33.29,0.00,24.69,0.00,42.02
DSE-107-4585,"May 31, 2023",33.29,0.00,26.12,0.00,40.59
DSE-108-4068,"Jun 30, 2017",19.00,0.00,14.00,0.00,67.00
DSE-108-4068,"Mar 31, 2023",20.57,0.00,4.64,0.00,74.79
DSE-108-4068,"Apr 30, 2023",20.57,0.00,4.64,0.00,74.79
DSE-109-6720,"Jun 30, 2022",0.00,67.66,23.52,0.06,8.76
DSE-109-6720,"Apr 30, 2023",0.00,67.66,23.83,0.05,8.46
DSE-109-6720,"May 31, 2023",0.00,67.66,23.83,0.04,8.47
DSE-110-5801,"Jun 30, 2022",33.54,0.00,6.47,0.00,59.99
DSE-110-5801,"Apr 30, 2023",33.54,0.00,11.09,0.00,55.37
DSE-110-5801,"May 31, 2023",33.54,0.00,15.93,0.00,50.53
DSE-111-7841,"Dec 31, 2021",60.00,0.00,5.01,0.00,34.99
DSE-111-7841,"Apr 30, 2023",60.00,0.00,4.19,0.00,35.81
DSE-111-7841,"May 31, 2023",60.00,0.00,10.64,0.00,29.36
DSE-112-6617,"Dec 31, 2021",41.12,0.00,13.87,0.00,45.01
DSE-112-6617,"Apr 30, 2023",42.65,0.00,16.66,0.00,40.69
DSE-112-6617,"May 31, 2023",42.65,0.00,16.58,0.00,40.77
DSE-113-1142,"Dec 31, 2021",61.35,0.00,4.85,0.13,33.67
DSE-113-1142,"Apr 30, 2023",61.35,0.00,9.56,0.10,28.99
DSE-113-1142,"May 31, 2023",61.35,0.00,10.50,0.10,28.05
DSE-114-2599,"Jun 30, 2022",30.20,0.00,19.47,0.00,50.33
DSE-114-2599,"Apr 30, 2023",30.20,0.00,8.17,0.00,61.63
DSE-114-2599,"May 31, 2023",30.20,0.00,8.25,0.00,61.55
DSE-115-1274,"Jun 30, 2022",66.61,0.00,20.45,0.00,12.94
DSE-115-1274,"Apr 30, 2023",66.61,0.00,18.78,0.00,14.61
DSE-115-1274,"May 31, 2023",66.61,0.00,18.78,0.00,14.61
DSE-116-4082,"Jun 30, 2022",54.99,0.00,4.68,0.00,40.33
DSE-116-4082,"Apr 30, 2023",54.99,0.00,3.45,0.00,41.56
DSE-116-4082,"May 31, 2023",54.99,0.00,5.31,0.00,39.70
DSE-117-1476,"Jun 30, 2022",32.17,0.00,14.86,0.00,52.97
DSE-117-1476,"Apr 30, 2023",32.17,0.00,13.26,0.00,54.57
DSE-117-1476,"May 31, 2023",32.17,0.00,13.62,0.00,54.21
DSE-118-6588,"Jun 30, 2022",33.01,0.00,4.20,0.00,62.79
DSE-118-6588,"Apr 30, 2023",33.01,0.00,6.06,0.00,60.93
DSE-118-6588,"May 31, 2023",33.01,0.00,6.38,0.00,60.61
DSE-119-9951,"Dec 31, 2021",84.99,0.00,4.98,0.01,10.02
DSE-119-9951,"Apr 30, 2023",86.99,0.00,4.25,0.01,8.75
DSE-119-9951,"May 31, 2023",86.99,0.00,5.78,0.02,7.21
DSE-120-3405,"Dec 31, 2021",47.61,0.00,19.15,0.00,33.24
DSE-120-3405,"Apr 30, 2023",47.61,0.00,14.31,0.00,38.08
DSE-120-3405,"May 31, 2023",47.61,0.00,14.71,0.00,37.68
DSE-121-8426,"Dec 31, 2021",41.11,0.00,19.68,0.00,39.21
DSE-121-8426,"Apr 30, 2023",41.11,0.00,22.26,0.00,36.63
DSE-121-8426,"May 31, 2023",41.11,0.00,23.32,0.00,35.57
DSE-122-6208,"Jun 30, 2022",15.04,51.00,6.85,0.00,27.11
DSE-122-6208,"Apr 30, 2023",15.04,51.00,5.99,0.00,27.97
DSE-122-6208,"May 31, 2023",15.04,51.00,6.09,0.00,27.87
DSE-123-5789,"Dec 31, 2022",30.67,0.00,47.97,0.54,20.82
DSE-123-5789,"Apr 30, 2023",30.67,0.00,48.41,0.20,20.72
DSE-123-5789,"May 31, 2023",30.67,0.00,48.32,0.20,20.81
DSE-124-4509,"Jun 30, 2022",1.38,0.00,63.65,0.00,34.97
DSE-124-4509,"Apr 30, 2023",1.38,0.00,63.79,0.00,34.83
DSE-124-4509,"May 31, 2023",1.38,0.00,63.80,0.00,34.82
DSE-125-4405,"Jun 30, 2022",8.89,0.00,40.49,0.00,50.62
DSE-125-4405,"Apr 30, 2023",8.89,0.00,40.18,0.00,50.93
DSE-125-4405,"May 31, 2023",8.89,0.00,40.19,0.00,50.92
DSE-126-5414,"Jun 30, 2022",14.12,51.00,18.32,0.00,16.56
DSE-126-5414,"Apr 30, 2023",11.03,51.00,7.09,0.00,30.88
DSE-126-5414,"May 31, 2023",11.03,51.00,7.42,0.00,30.55
DSE-127-3425,"Jun 30, 2022",37.77,0.00,30.37,0.45,31.41
DSE-127-3425,"Apr 30, 2023",37.77,0.00,32.36,0.53,29.34
DSE-127-3425,"May 31, 2023",37.77,0.00,31.62,0.53,30.08
DSE-128-7871,"Jun 30, 2022",50.36,0.00,26.92,1.82,20.90
DSE-128-7871,"Apr 30, 2023",50.36,0.00,21.52,0.01,28.11
DSE-128-7871,"May 31, 2023",50.36,0.00,17.65,0.01,31.98
DSE-129-4203,"Dec 31, 2021",60.00,0.00,4.02,0.00,35.98
DSE-129-4203,"Apr 30, 2023",60.00,0.00,5.09,0.00,34.91
DSE-129-4203,"May 31, 2023",60.00,0.00,7.32,0.00,32.68
DSE-130-2764,"Jun 30, 2016",30.45,0.00,7.94,0.00,61.61
DSE-130-2764,"Apr 30, 2023",38.26,0.00,17.66,0.00,44.08
DSE-130-2764,"May 31, 2023",38.26,0.00,11.16,0.00,50.58
DSE-131-5363,"Jun 30, 2021",45.58,0.00,44.58,0.06,9.78
DSE-131-5363,"Apr 30, 2023",57.93,0.00,34.81,0.07,7.19
DSE-131-5363,"May 31, 2023",57.93,0.00,34.81,0.07,7.19
DSE-132-4746,"Jun 30, 2022",54.13,0.00,16.46,0.00,29.41
DSE-132-4746,"Apr 30, 2023",54.13,0.00,17.51,0.00,28.36
DSE-132-4746,"May 31, 2023",54.13,0.00,18.56,0.00,27.31
DSE-133-8587,"Jun 30, 2022",46.95,0.00,39.16,0.00,13.89
DSE-133-8587,"Apr 30, 2023",46.95,0.00,39.98,0.00,13.07
DSE-133-8587,"May 31, 2023",46.95,0.00,39.98,0.00,13.07
DSE-134-3132,"Jun 30, 2022",36.67,0.00,20.67,0.00,42.66
DSE-134-3132,"Apr 30, 2023",36.67,0.00,21.36,0.00,41.97
DSE-134-3132,"May 31, 2023",36.67,0.00,21.56,0.00,41.77
DSE-135-8260,"Jun 30, 2022",21.97,0.00,27.12,0.00,50.91
DSE-135-8260,"Apr 30, 2023",21.97,0.00,26.21,0.00,51.82
DSE-135-8260,"May 31, 2023",21.97,0.00,26.22,0.00,51.81
DSE-136-9943,"Dec 31, 2021",37.69,0.00,27.64,1.29,33.38
DSE-136-9943,"Apr 30, 2023",32.61,0.00,29.00,0.89,37.50
DSE-136-9943,"May 31, 2023",32.61,0.00,28.92,0.89,37.58
DSE-137-2555,"Jun 30, 2020",4.02,0.00,18.41,0.00,77.57
DSE-137-2555,"May 31, 2022",4.02,0.00,18.41,0.00,77.57
DSE-137-2555,"Jun 30, 2022",4.02,0.00,18.41,0.00,77.57
DSE-138-3629,"Jun 30, 2022",30.24,0.00,13.82,0.00,55.94
DSE-138-3629,"Apr 30, 2023",30.24,0.00,13.92,0.00,55.84
DSE-138-3629,"May 31, 2023",30.24,0.00,13.38,0.00,56.38
DSE-139-6632,"Dec 31, 2020",41.88,0.00,11.94,0.08,46.10
DSE-139-6632,"Apr 30, 2023",39.74,0.00,16.14,0.00,44.12
DSE-139-6632,"May 31, 2023",39.74,0.00,16.18,0.00,44.08
DSE-140-5753,"Dec 31, 2020",30.55,0.00,41.19,0.81,27.45
DSE-140-5753,"Apr 30, 2023",34.17,0.00,20.84,0.37,44.62
DSE-140-5753,"May 31, 2023",34.17,0.00,21.85,0.36,43.62
DSE-141-5352,"Dec 31, 2021",13.20,0.00,9.70,0.00,77.10
DSE-141-5352,"Apr 30, 2023",13.20,0.00,8.91,0.00,77.89
DSE-141-5352,"May 31, 2023",13.20,0.00,10.76,0.00,76.04
DSE-142-3674,"Jun 30, 2022",53.97,0.00,20.54,0.00,25.49
DSE-142-3674,"Apr 30, 2023",53.97,0.00,28.99,0.00,17.04
DSE-142-3674,"May 31, 2023",53.97,0.00,29.13,0.00,16.90
DSE-143-5312,"Dec 31, 2021",38.26,0.00,1.42,0.00,60.32
DSE-143-5312,"Apr 30, 2023",38.26,0.00,1.40,0.00,60.34
DSE-143-5312,"May 31, 2023",38.26,0.00,1.04,0.00,60.70
DSE-144-3970,"Jun 30, 2022",67.20,0.00,8.74,0.00,24.06
DSE-144-3970,"Apr 30, 2023",67.20,0.00,4.98,0.00,27.82
DSE-144-3970,"May 31, 2023",67.20,0.00,7.39,0.00,25.41
DSE-145-7536,"Jun 30, 2022",9.08,0.00,6.41,0.00,84.51
DSE-145-7536,"Apr 30, 2023",9.08,0.00,9.82,0.00,81.10
DSE-145-7536,"May 31, 2023",9.08,0.00,10.77,0.00,80.15
DSE-146-2361,"Dec 31, 2021",41.31,0.00,19.42,0.00,39.27
DSE-146-2361,"Apr 30, 2023",41.31,0.00,19.24,0.00,39.45
DSE-146-2361,"May 31, 2023",41.31,0.00,21.27,0.00,37.42
DSE-147-5436,"Dec 31, 2021",33.34,0.00,18.34,1.87,46.45
DSE-147-5436,"Apr 30, 2023",33.02,0.00,19.37,1.25,46.36
DSE-147-5436,"May 31, 2023",33.09,0.00,19.34,1.24,46.33
DSE-148-1612,"Jun 30, 2022",30.93,0.00,25.54,0.00,43.53
DSE-148-1612,"Apr 30, 2023",30.93,0.00,20.36,0.00,48.71
DSE-148-1612,"May 31, 2023",30.93,0.00,20.34,0.00,48.73
DSE-149-4996,"Jun 30, 2022",27.83,0.00,7.25,0.40,64.52
DSE-149-4996,"Apr 30, 2023",30.00,0.00,6.28,0.40,63.32
DSE-149-4996,"May 31, 2023",30.00,0.00,6.28,0.40,63.32
DSE-150-7787,"Jun 30, 2022",7.85,0.00,6.04,0.38,85.73
DSE-150-7787,"Apr 30, 2023",7.85,0.00,10.25,1.08,80.82
DSE-150-7787,"May 31, 2023",7.85,0.00,10.85,1.08,80.22
DSE-151-1653,"Jun 30, 2022",32.01,0.00,19.71,0.00,48.28
DSE-151-1653,"Apr 30, 2023",32.01,0.00,15.10,0.00,52.89
DSE-151-1653,"May 31, 2023",32.01,0.00,15.93,0.00,52.06
DSE-152-4836,"Jun 30, 2022",33.65,0.00,9.42,0.34,56.59
DSE-152-4836,"Mar 31, 2023",30.01,0.00,28.94,0.33,40.72
DSE-152-4836,"Apr 30, 2023",30.01,0.00,14.68,0.36,54.95
DSE-153-6260,"Jun 30, 2022",31.68,0.00,24.08,0.06,44.18
DSE-153-6260,"Apr 30, 2023",30.38,0.00,26.07,0.00,43.55
DSE-153-6260,"May 31, 2023",30.38,0.00,25.12,0.00,44.50
DSE-154-3439,"Jun 30, 2022",13.82,0.00,23.55,0.00,62.63
DSE-154-3439,"Apr 30, 2023",16.17,0.00,22.89,0.00,60.94
DSE-154-3439,"May 31, 2023",16.26,0.00,22.91,0.00,60.83
DSE-155-8032,"Jun 30, 2022",32.89,0.00,37.43,0.09,29.59
DSE-155-8032,"Apr 30, 2023",30.42,0.00,37.07,0.44,32.07
DSE-155-8032,"May 31, 2023",30.42,0.00,37.21,0.41,31.96
DSE-156-2435,"Jun 30, 2022",68.60,0.00,18.90,0.00,12.50
DSE-156-2435,"Apr 30, 2023",68.60,0.00,18.70,0.00,12.70
DSE-156-2435,"May 31, 2023",68.60,0.00,18.70,0.00,12.70
DSE-157-9498,"Dec 31, 2021",45.50,0.00,31.80,0.00,22.70
DSE-157-9498,"Apr 30, 2023",45.49,0.00,29.83,0.00,24.68
DSE-157-9498,"May 31, 2023",45.49,0.00,28.35,0.00,26.16
DSE-158-4302,"Dec 31, 2022",70.00,0.00,28.43,0.00,1.57
DSE-158-4302,"Apr 30, 2023",70.00,0.00,26.91,0.00,3.09
DSE-158-4302,"May 31, 2023",70.00,0.00,27.13,0.00,2.87
DSE-159-4694,"Dec 31, 2021",35.67,0.00,9.25,0.00,55.08
DSE-159-4694,"Apr 30, 2023",35.67,0.00,6.48,0.00,57.85
DSE-159-4694,"May 31, 2023",35.67,0.00,10.79,0.00,53.54
DSE-160-3612,"Jun 30, 2021",38.98,0.00,16.53,0.00,44.49
DSE-160-3612,"Apr 30, 2023",30.29,0.00,25.69,0.00,44.02
DSE-160-3612,"May 31, 2023",30.29,0.00,25.76,0.00,43.95
DSE-161-9859,"Dec 31, 2022",90.00,0.00,5.54,2.13,2.33
DSE-161-9859,"Apr 30, 2023",90.00,0.00,5.59,1.99,2.42
DSE-161-9859,"May 31, 2023",90.00,0.00,5.65,1.92,2.43
DSE-162-5047,"Jun 30, 2022",49.61,0.00,18.40,0.00,31.99
DSE-162-5047,"Apr 30, 2023",49.61,0.00,17.93,0.00,32.46
DSE-162-5047,"May 31, 2023",49.61,0.00,17.93,0.00,32.46
DSE-163-9032,"Jun 30, 2022",41.88,0.00,1.47,0.05,56.60
DSE-163-9032,"Apr 30, 2023",41.88,0.00,1.47,0.05,56.60
DSE-163-9032,"May 31, 2023",41.88,0.00,1.47,0.05,56.60
DSE-164-4433,"Jun 30, 2022",20.52,0.00,51.21,0.00,28.27
DSE-164-4433,"Apr 30, 2023",20.52,0.00,53.82,0.00,25.66
DSE-164-4433,"May 31, 2023",20.52,0.00,54.07,0.00,25.41
DSE-165-9702,"Jun 30, 2022",8.33,0.00,44.92,3.52,43.23
DSE-165-9702,"Apr 30, 2023",8.33,0.00,44.62,3.51,43.54
DSE-165-9702,"May 31, 2023",8.33,0.00,44.62,3.51,43.54
DSE-166-9570,"Dec 31, 2022",30.51,0.00,21.77,4.60,43.12
DSE-166-9570,"Apr 30, 2023",30.51,0.00,21.88,4.60,43.01
DSE-166-9570,"May 31, 2023",30.51,0.00,22.87,4.60,42.02
DSE-167-5303,"Dec 31, 2021",35.50,0.00,11.12,0.00,53.38
DSE-167-5303,"Apr 30, 2023",35.51,0.00,17.32,0.00,47.17
DSE-167-5303,"May 31, 2023",35.51,0.00,17.35,0.00,47.14
DSE-168-1479,"Jun 30, 2022",46.26,0.00,4.53,0.00,49.21
DSE-168-1479,"Apr 30, 2023",44.42,0.00,5.56,0.00,50.02
DSE-168-1479,"May 31, 2023",44.42,0.00,5.08,0.00,50.50
DSE-169-6815,"Dec 31, 2021",60.67,0.00,28.44,0.59,10.30
DSE-169-6815,"Apr 30, 2023",60.67,0.00,26.98,0.27,12.08
DSE-169-6815,"May 31, 2023",60.67,0.00,25.54,0.27,13.52
DSE-170-5740,"Jun 30, 2022",51.38,0.00,25.16,0.00,23.46
DSE-170-5740,"Apr 30, 2023",51.38,0.00,18.91,0.00,29.71
DSE-170-5740,"May 31, 2023",51.38,0.00,20.01,0.00,28.61
DSE-171-9133,"Jun 30, 2022",50.63,0.00,6.06,0.00,43.31
DSE-171-9133,"Apr 30, 2023",48.23,0.00,11.20,0.00,40.57
DSE-171-9133,"May 31, 2023",48.23,0.00,9.83,0.00,41.94
DSE-172-2753,"Jun 30, 2022",50.83,0.00,10.58,0.06,38.53
DSE-172-2753,"Apr 30, 2023",50.83,0.00,8.55,0.08,40.54
DSE-172-2753,"May 31, 2023",50.83,0.00,8.09,0.06,41.02
DSE-173-9949,"Dec 31, 2020",0.00,0.00,0.00,0.00,0.00
DSE-174-3668,"Dec 31, 2019",6.71,0.00,78.61,0.49,14.20
DSE-174-3668,"Jan 31, 2023",6.71,0.00,80.29,0.46,12.54
DSE-174-3668,"Feb 28, 2023",0.00,0.00,87.01,0.46,12.53
DSE-175-5703,"Jun 30, 2022",44.67,0.00,24.07,0.00,31.26
DSE-175-5703,"Apr 30, 2023",44.67,0.00,24.40,0.00,30.93
DSE-175-5703,"May 31, 2023",44.67,0.00,24.45,0.00,30.88
DSE-176-1428,"Jun 30, 2022",41.12,0.00,10.32,0.01,48.55
DSE-176-1428,"Apr 30, 2023",40.64,0.00,7.25,0.00,52.11
DSE-176-1428,"May 31, 2023",40.64,0.00,7.48,0.00,51.88
DSE-177-4954,"Jun 30, 2022",69.50,27.00,1.90,0.00,1.60
DSE-177-4954,"Oct 31, 2022",69.49,27.00,1.92,0.00,1.59
DSE-177-4954,"Nov 30, 2022",69.49,27.00,1.92,0.00,1.59
DSE-178-7285,"Jun 30, 2022",10.03,0.00,49.62,6.78,33.57
DSE-178-7285,"Apr 30, 2023",10.03,0.00,50.25,6.82,32.90
DSE-178-7285,"May 31, 2023",10.03,0.00,50.30,6.82,32.85
DSE-179-9065,"Jun 30, 2022",50.94,0.00,40.22,0.00,8.84
DSE-179-9065,"Apr 30, 2023",50.94,0.00,38.49,0.00,10.57
DSE-179-9065,"May 31, 2023",50.94,0.00,38.48,0.00,10.58
DSE-180-1626,"Jun 30, 2022",0.00,0.00,56.16,0.00,43.84
DSE-180-1626,"Apr 30, 2023",0.00,0.00,57.47,0.00,42.53
DSE-180-1626,"May 31, 2023",0.00,0.00,57.50,0.00,42.50
DSE-181-4111,"Jun 30, 2022",10.00,0.00,40.32,0.00,49.68
DSE-181-4111,"Apr 30, 2023",10.00,0.00,40.78,0.00,49.22
DSE-181-4111,"May 31, 2023",10.00,0.00,40.80,0.00,49.20
DSE-182-7177,"Dec 31, 2021",52.76,0.17,22.34,0.00,24.73
DSE-182-7177,"Apr 30, 2023",52.76,0.17,21.61,0.00,25.46
DSE-182-7177,"May 31, 2023",52.76,0.17,21.61,0.00,25.46
DSE-183-8841,"Jun 30, 2022",25.00,0.00,64.63,0.00,10.37
DSE-183-8841,"Apr 30, 2023",25.00,0.00,65.07,0.00,9.93
DSE-183-8841,"May 31, 2023",25.00,0.00,65.08,0.00,9.92
DSE-184-3197,"Dec 31, 2021",41.98,0.00,8.50,0.00,49.52
DSE-184-3197,"Apr 30, 2023",60.00,0.00,6.41,0.00,33.59
DSE-184-3197,"May 31, 2023",60.00,0.00,9.08,0.00,30.92
DSE-185-8403,"Dec 31, 2022",56.66,0.00,27.82,1.16,14.36
DSE-185-8403,"Apr 30, 2023",56.66,0.00,27.90,1.16,14.28
DSE-185-8403,"May 31, 2023",56.66,0.00,27.88,1.16,14.30
DSE-186-3550,"Jun 30, 2022",54.87,0.00,27.88,0.08,17.17
DSE-186-3550,"Apr 30, 2023",54.87,0.00,28.24,0.08,16.81
DSE-186-3550,"May 31, 2023",54.87,0.00,28.32,0.08,16.73
DSE-187-5438,"Dec 31, 2021",6.14,32.75,20.05,1.07,39.99
DSE-187-5438,"Apr 30, 2023",6.14,32.75,20.91,1.11,39.09
DSE-187-5438,"May 31, 2023",6.14,32.75,20.89,1.11,39.11
DSE-188-3514,"Jun 30, 2022",20.83,0.00,18.44,0.00,60.73
DSE-188-3514,"Apr 30, 2023",20.83,0.00,12.49,0.00,66.68
DSE-188-3514,"May 31, 2023",20.83,0.00,12.55,0.00,66.62
DSE-189-4521,"Jun 30, 2022",1.00,0.00,63.25,7.63,28.12
DSE-189-4521,"Apr 30, 2023",1.00,0.00,63.12,7.63,28.25
DSE-189-4521,"May 31, 2023",1.00,0.00,63.12,7.63,28.25
DSE-190-9878,"Dec 31, 2020",41.54,0.00,28.92,0.07,29.47
DSE-190-9878,"Apr 30, 2023",41.54,0.00,23.31,0.01,35.14
DSE-190-9878,"May 31, 2023",41.54,0.00,24.34,0.01,34.11
DSE-191-2430,"Jun 30, 2018",31.53,0.00,9.01,0.00,59.46
DSE-191-2430,"Jan 31, 2023",30.08,0.00,9.01,0.00,60.91
DSE-191-2430,"May 31, 2023",34.12,0.00,9.01,0.00,56.87
DSE-192-8632,"Jun 30, 2022",57.77,0.00,22.55,0.00,19.68
DSE-192-8632,"Apr 30, 2023",57.77,0.00,20.07,0.00,22.16
DSE-192-8632,"May 31, 2023",57.77,0.00,20.10,0.00,22.13
DSE-193-5030,"Jun 30, 2020",3.97,0.00,9.48,0.00,86.55
DSE-193-5030,"Apr 30, 2023",29.99,0.00,8.13,0.09,61.79
DSE-193-5030,"May 31, 2023",29.99,0.00,7.22,0.07,62.72
DSE-194-3998,"Jun 30, 2022",30.66,0.00,9.55,0.00,59.79
DSE-194-3998,"Apr 30, 2023",30.06,0.00,21.82,0.00,48.12
DSE-194-3998,"May 31, 2023",30.06,0.00,27.92,0.02,42.00
DSE-195-1951,"Dec 31, 2022",48.03,21.88,11.42,0.07,18.60
DSE-195-1951,"Apr 30, 2023",48.04,21.88,13.16,0.06,16.86
DSE-195-1951,"May 31, 2023",48.04,21.88,13.16,0.06,16.86
DSE-196-7528,"Dec 31, 2021",51.32,0.00,15.42,20.19,13.07
DSE-196-7528,"Nov 30, 2022",55.06,0.00,14.47,20.59,9.88
DSE-196-7528,"Dec 31, 2022",55.06,0.00,14.59,20.24,10.11
DSE-197-5994,"Dec 31, 2021",31.18,0.00,17.80,0.00,51.02
DSE-197-5994,"Apr 30, 2023",28.79,0.00,23.88,0.00,47.33
DSE-197-5994,"May 31, 2023",28.79,0.00,23.89,0.00,47.32
DSE-198-8249,"Dec 31, 2021",39.49,0.00,8.52,0.00,51.99
DSE-198-8249,"Mar 31, 2023",29.16,0.00,8.76,0.00,62.08
DSE-198-8249,"Apr 30, 2023",29.16,0.00,9.14,0.00,61.70
DSE-199-8192,"Jun 30, 2022",21.62,0.00,19.41,0.00,58.97
DSE-199-8192,"Apr 30, 2023",21.62,0.00,11.84,0.00,66.54
DSE-199-8192,"May 31, 2023",21.62,0.00,17.94,0.00,60.44
DSE-200-8577,"Jun 30, 2022",51.09,0.00,20.95,0.01,27.95
DSE-200-8577,"Apr 30, 2023",51.09,0.00,15.24,0.00,33.67
DSE-200-8577,"May 31, 2023",51.09,0.00,14.46,0.00,34.45
DSE-201-4206,"Dec 31, 2021",48.55,0.00,7.86,0.57,43.02
DSE-201-4206,"Apr 30, 2023",46.29,0.00,6.41,0.45,46.85
DSE-201-4206,"May 31, 2023",46.29,0.00,6.30,0.45,46.96
DSE-202-6463,"Jun 30, 2022",2.90,60.08,28.37,0.28,8.37
DSE-202-6463,"Apr 30, 2023",2.90,60.08,28.65,0.27,8.10
DSE-202-6463,"May 31, 2023",2.90,60.08,28.40,0.25,8.37
DSE-203-9827,"Dec 31, 2021",39.05,0.00,5.36,0.00,55.59
DSE-203-9827,"Apr 30, 2023",37.05,0.00,10.22,0.00,52.73
DSE-203-9827,"May 31, 2023",37.05,0.00,11.02,0.00,51.93
DSE-204-8390,"Jun 30, 2022",32.32,0.00,37.42,0.00,30.26
DSE-204-8390,"Apr 30, 2023",32.32,0.00,40.37,0.00,27.31
DSE-204-8390,"May 31, 2023",32.32,0.00,41.41,0.00,26.27
DSE-205-1353,"Jun 30, 2022",79.65,0.00,5.60,0.00,14.75
DSE-205-1353,"Apr 30, 2023",79.65,0.00,3.13,0.00,17.22
DSE-205-1353,"May 31, 2023",79.65,0.00,3.11,0.00,17.24
DSE-206-6974,"Jun 30, 2016",39.82,0.00,24.25,0.00,35.93
DSE-206-6974,"Apr 30, 2023",39.82,0.00,23.20,0.00,36.98
DSE-206-6974,"May 31, 2023",39.82,0.00,23.20,0.00,36.98
DSE-207-6683,"Dec 31, 2021",30.85,0.00,2.48,0.00,66.67
DSE-207-6683,"Apr 30, 2023",30.85,0.00,11.97,0.00,57.18
DSE-207-6683,"May 31, 2023",30.85,0.00,13.21,0.00,55.94
DSE-208-5593,"Jun 30, 2022",31.77,0.00,8.74,0.00,59.49
DSE-208-5593,"Apr 30, 2023",31.77,0.00,7.67,0.00,60.56
DSE-208-5593,"May 31, 2023",31.77,0.00,7.93,0.00,60.30
DSE-209-5234,"Jun 30, 2022",30.13,0.00,27.63,0.00,42.24
DSE-209-5234,"Apr 30, 2023",30.13,0.00,25.06,0.00,44.81
DSE-209-5234,"May 31, 2023",30.13,0.00,29.61,0.00,40.26
DSE-210-2273,"Jun 30, 2022",70.06,0.00,7.58,0.00,22.36
DSE-210-2273,"Apr 30, 2023",63.97,0.00,10.21,0.00,25.82
DSE-210-2273,"May 31, 2023",63.97,0.00,10.83,0.00,25.20
DSE-211-3400,"Jun 30, 2020",46.27,0.00,9.25,0.00,44.48
DSE-211-3400,"Apr 30, 2023",46.27,0.00,8.25,0.00,45.48
DSE-211-3400,"May 31, 2023",46.27,0.00,8.96,0.00,44.77
DSE-212-9249,"Jun 30, 2022",50.57,0.00,13.55,0.00,35.88
DSE-212-9249,"Apr 30, 2023",50.57,0.00,14.24,0.02,35.17
DSE-212-9249,"May 31, 2023",50.57,0.00,13.52,0.02,35.89
DSE-213-6275,"Jun 30, 2022",69.99,0.00,8.96,0.18,20.87
DSE-213-6275,"Apr 30, 2023",69.99,0.00,8.91,0.18,20.92
DSE-213-6275,"May 31, 2023",69.99,0.00,8.91,0.18,20.92
DSE-214-6023,"Jun 30, 2022",39.76,0.00,2.81,0.00,57.43
DSE-214-6023,"Sep 30, 2022",39.76,0.00,1.22,0.00,59.02
DSE-214-6023,"Oct 31, 2022",39.76,0.00,1.11,0.00,59.13
DSE-215-3553,"Jun 30, 2021",30.32,0.00,21.62,0.12,47.94
DSE-215-3553,"Apr 30, 2023",30.32,0.00,23.07,0.23,46.38
DSE-215-3553,"May 31, 2023",30.32,0.00,23.06,0.23,46.39
DSE-216-2547,"Dec 31, 2021",33.56,0.00,20.96,0.86,44.62
DSE-216-2547,"Apr 30, 2023",33.55,0.00,22.57,0.65,43.23
DSE-216-2547,"May 31, 2023",33.55,0.00,22.55,0.65,43.25
DSE-217-5211,"Jun 30, 2022",30.00,0.00,10.99,0.00,59.01
DSE-217-5211,"Apr 30, 2023",30.00,0.00,16.17,0.00,53.83
DSE-217-5211,"May 31, 2023",30.00,0.00,22.78,0.00,47.22
DSE-218-7016,"Dec 31, 2022",64.15,0.00,17.04,0.78,18.03
DSE-218-7016,"Apr 30, 2023",64.15,0.00,17.32,0.78,17.75
DSE-218-7016,"May 31, 2023",64.15,0.00,17.83,0.77,17.25
DSE-219-5084,"Jun 30, 2020",34.43,0.00,6.30,0.00,59.27
DSE-219-5084,"Apr 30, 2023",34.43,0.00,11.74,0.00,53.83
DSE-219-5084,"May 31, 2023",34.43,0.00,8.21,0.00,57.36
DSE-220-5593,"Dec 31, 2022",60.00,0.00,28.80,0.00,11.20
DSE-220-5593,"Apr 30, 2023",60.00,0.00,28.80,0.00,11.20
DSE-220-5593,"May 31, 2023",60.00,0.00,28.80,0.00,11.20
DSE-221-3418,"Jun 30, 2022",44.65,0.00,20.00,0.00,35.35
DSE-221-3418,"Apr 30, 2023",44.65,0.00,20.20,0.00,35.15
DSE-221-3418,"May 31, 2023",44.65,0.00,20.23,0.00,35.12
DSE-222-1443,"Jun 30, 2022",35.70,0.00,23.75,0.06,40.50
DSE-222-1443,"Apr 30, 2023",35.70,0.00,23.18,0.06,41.06
DSE-222-1443,"May 31, 2023",35.70,0.00,24.84,0.06,39.40
DSE-223-3984,"Sep 30, 2022",13.57,0.00,58.27,6.49,21.67
DSE-223-3984,"Apr 30, 2023",13.57,0.00,58.06,1.60,26.77
DSE-223-3984,"May 31, 2023",13.57,0.00,58.07,1.60,26.76
DSE-224-7771,"Jun 30, 2022",30.00,0.00,13.31,0.00,56.69
DSE-224-7771,"Apr 30, 2023",30.00,0.00,6.58,0.00,63.42
DSE-224-7771,"May 31, 2023",30.00,0.00,6.55,0.00,63.45
DSE-225-8273,"Jun 30, 2022",47.34,0.00,11.96,0.00,40.70
DSE-225-8273,"Apr 30, 2023",47.34,0.00,13.90,0.00,38.76
DSE-225-8273,"May 31, 2023",47.34,0.00,14.43,0.00,38.23
DSE-226-6113,"Mar 31, 2022",90.00,0.00,6.07,2.33,1.60
DSE-226-6113,"Apr 30, 2023",90.00,0.00,6.66,1.90,1.44
DSE-226-6113,"May 31, 2023",90.00,0.00,6.62,1.90,1.48
DSE-227-6307,"Jun 30, 2022",32.72,0.00,42.52,0.00,24.76
DSE-227-6307,"Apr 30, 2023",32.72,0.00,40.88,0.00,26.40
DSE-227-6307,"May 31, 2023",32.72,0.00,40.87,0.00,26.41
DSE-228-1836,"Mar 31, 2022",10.00,0.00,50.69,0.00,39.31
DSE-228-1836,"Apr 30, 2023",10.00,0.00,49.11,0.00,40.89
DSE-228-1836,"May 31, 2023",10.00,0.00,50.79,0.00,39.21
DSE-229-6483,"Jun 30, 2022",50.00,0.00,0.00,0.00,50.00
DSE-229-6483,"Apr 30, 2023",50.00,0.00,0.00,0.00,50.00
DSE-229-6483,"May 31, 2023",50.00,0.00,0.00,0.00,50.00
DSE-230-5421,"Jun 30, 2022",49.76,0.00,33.46,0.00,16.78
DSE-230-5421,"Apr 30, 2023",49.76,0.00,33.82,0.00,16.42
DSE-230-5421,"May 31, 2023",49.76,0.00,34.36,0.00,15.88
DSE-231-6789,"Dec 31, 2021",30.28,0.00,25.15,0.00,44.57
DSE-231-6789,"Apr 30, 2023",30.28,0.00,19.32,0.00,50.40
DSE-231-6789,"May 31, 2023",30.41,0.00,30.29,0.00,39.30
DSE-232-4697,"Dec 31, 2021",30.54,0.00,21.39,0.00,48.07
DSE-232-4697,"Apr 30, 2023",30.54,0.00,26.30,0.00,43.16
DSE-232-4697,"May 31, 2023",30.54,0.00,31.86,0.00,37.60
DSE-233-8046,"Jun 30, 2022",50.00,0.00,0.00,0.00,50.00
DSE-233-8046,"Apr 30, 2023",50.00,0.00,0.00,0.00,50.00
DSE-233-8046,"May 31, 2023",50.00,0.00,0.00,0.00,50.00
DSE-234-2206,"Dec 31, 2021",36.55,0.00,22.42,4.06,36.97
DSE-234-2206,"Apr 30, 2023",34.36,0.00,24.56,4.02,37.06
DSE-234-2206,"May 31, 2023",34.36,0.00,24.67,4.02,36.95
DSE-235-8472,"Dec 31, 2021",33.52,0.00,29.08,0.00,37.40
DSE-235-8472,"Apr 30, 2023",34.56,0.00,30.83,0.00,34.61
DSE-235-8472,"May 31, 2023",34.56,0.00,31.37,0.00,34.07
DSE-236-2765,"Jun 30, 2022",30.09,0.00,20.08,0.00,49.83
DSE-236-2765,"Apr 30, 2023",30.09,0.00,14.58,0.00,55.33
DSE-236-2765,"May 31, 2023",30.09,0.00,18.19,0.00,51.72
DSE-237-3243,"Jun 30, 2022",39.61,0.00,22.04,0.09,38.26
DSE-237-3243,"Apr 30, 2023",39.61,0.00,26.15,0.04,34.20
DSE-237-3243,"May 31, 2023",39.61,0.00,26.81,0.04,33.54
DSE-238-2611,"Dec 31, 2021",41.36,0.00,26.41,0.42,31.82
DSE-238-2611,"Apr 30, 2023",41.35,0.00,26.55,0.42,31.68
DSE-238-2611,"May 31, 2023",41.34,0.00,26.60,0.42,31.64
DSE-239-2318,"Dec 31, 2021",78.63,0.00,3.20,0.00,18.17
DSE-239-2318,"Apr 30, 2023",78.63,0.00,6.88,0.00,14.49
DSE-239-2318,"May 31, 2023",78.63,0.00,6.04,0.00,15.33
DSE-240-7755,"Jun 30, 2020",30.00,0.00,0.00,0.00,70.00
DSE-240-7755,"Apr 30, 2023",30.00,0.00,0.00,0.00,70.00
DSE-240-7755,"May 31, 2023",30.00,0.00,0.00,0.00,70.00
DSE-241-7710,"Jun 30, 2022",48.58,0.00,4.34,0.00,47.08
DSE-241-7710,"Apr 30, 2023",48.58,0.00,3.17,0.00,48.25
DSE-241-7710,"May 31, 2023",48.58,0.00,3.14,0.00,48.28
DSE-242-3396,"Jun 30, 2022",17.20,0.00,17.01,0.00,65.79
DSE-242-3396,"Apr 30, 2023",17.20,0.00,16.93,0.00,65.87
DSE-242-3396,"May 31, 2023",17.20,0.00,17.07,0.00,65.73
DSE-243-9359,"Jun 30, 2022",71.52,0.00,21.23,0.15,7.10
DSE-243-9359,"Mar 31, 2023",71.52,0.00,21.59,0.12,6.77
DSE-243-9359,"Apr 30, 2023",71.52,0.00,21.72,0.12,6.64
DSE-244-1101,"Jun 30, 2022",30.57,0.00,17.24,0.00,52.19
DSE-244-1101,"Apr 30, 2023",30.57,0.00,17.27,0.00,52.16
DSE-244-1101,"May 31, 2023",30.57,0.00,17.26,0.00,52.17
DSE-245-6492,"Jun 30, 2022",35.66,0.00,4.16,0.09,60.09
DSE-245-6492,"Apr 30, 2023",35.66,0.00,6.87,0.04,57.43
DSE-245-6492,"May 31, 2023",35.66,0.00,5.95,0.04,58.35
DSE-246-7679,"Jun 30, 2022",48.30,0.00,12.24,0.06,39.40
DSE-246-7679,"Apr 30, 2023",42.47,0.00,12.29,0.16,45.08
DSE-246-7679,"May 31, 2023",42.47,0.00,12.03,0.17,45.33
DSE-247-1402,"Jun 30, 2022",40.68,0.00,13.30,1.40,44.62
DSE-247-1402,"Apr 30, 2023",40.68,0.00,7.96,1.53,49.83
DSE-247-1402,"May 31, 2023",40.68,0.00,7.95,1.53,49.84
DSE-248-6593,"Jun 30, 2022",51.96,0.00,0.35,0.00,47.69
DSE-248-6593,"Apr 30, 2023",45.00,0.00,14.97,0.00,40.03
DSE-248-6593,"May 31, 2023",45.00,0.00,10.35,0.00,44.65
DSE-249-9139,"Jun 30, 2022",0.00,58.67,33.59,0.08,7.66
DSE-249-9139,"Apr 30, 2023",0.00,58.67,33.59,0.06,7.68
DSE-249-9139,"May 31, 2023",0.00,58.67,33.64,0.06,7.63
DSE-250-4725,"Dec 31, 2021",42.33,0.00,22.84,0.16,34.67
DSE-250-4725,"Apr 30, 2023",36.77,0.00,29.64,0.16,33.43
DSE-250-4725,"May 31, 2023",43.15,0.00,23.37,0.16,33.32
DSE-251-8446,"Jun 30, 2022",39.58,0.00,13.25,0.00,47.17
DSE-251-8446,"Apr 30, 2023",39.58,0.00,7.92,0.00,52.50
DSE-251-8446,"May 31, 2023",39.58,0.00,7.98,0.00,52.44
DSE-252-5546,"Dec 31, 2021",53.18,0.00,19.45,0.18,27.19
DSE-252-5546,"Apr 30, 2023",55.87,0.00,17.70,0.18,26.25
DSE-252-5546,"May 31, 2023",55.87,0.00,17.70,0.18,26.25
DSE-253-2508,"Jun 30, 2022",42.49,0.00,27.22,0.00,30.29
DSE-253-2508,"Apr 30, 2023",42.49,0.00,26.82,0.00,30.69
DSE-253-2508,"May 31, 2023",42.49,0.00,27.56,0.00,29.95
DSE-254-2647,"Jun 30, 2021",35.49,0.00,28.53,10.29,25.69
DSE-254-2647,"Apr 30, 2023",35.49,0.00,11.40,27.73,25.38
DSE-254-2647,"May 31, 2023",35.49,0.00,13.38,27.74,23.39
DSE-255-4196,"Dec 31, 2021",28.48,0.00,23.43,0.86,47.23
DSE-255-4196,"Apr 30, 2023",28.47,0.00,28.40,0.95,42.18
DSE-255-4196,"May 31, 2023",28.47,0.00,28.54,0.95,42.04
DSE-256-1514,"Dec 31, 2021",37.40,0.00,21.98,0.50,40.12
DSE-256-1514,"Apr 30, 2023",37.54,0.00,23.30,0.54,38.62
DSE-256-1514,"May 31, 2023",37.54,0.00,23.21,0.53,38.72
DSE-257-3817,"Dec 31, 2022",15.00,0.00,67.46,0.00,17.54
DSE-257-3817,"Apr 30, 2023",15.00,0.00,67.40,0.00,17.60
DSE-257-3817,"May 31, 2023",15.00,0.00,67.53,0.00,17.47
DSE-258-9279,"Jun 30, 2021",30.82,0.00,26.98,0.00,42.20
DSE-258-9279,"Apr 30, 2023",30.61,0.00,18.30,0.00,51.09
DSE-258-9279,"May 31, 2023",30.61,0.00,18.30,0.00,51.09
DSE-259-5164,"Jun 30, 2022",30.40,0.00,7.31,0.01,62.28
DSE-259-5164,"Apr 30, 2023",30.40,0.00,12.59,0.01,57.00
DSE-259-5164,"May 31, 2023",30.40,0.00,8.30,0.01,61.29
DSE-260-4970,"Dec 31, 2021",52.88,9.34,12.51,0.00,25.27
DSE-260-4970,"Apr 30, 2023",50.57,9.34,10.58,0.00,29.51
DSE-260-4970,"May 31, 2023",50.57,9.34,11.35,0.00,28.74
DSE-261-8063,"Dec 31, 2021",35.00,0.00,9.32,0.00,55.68
DSE-261-8063,"Apr 30, 2023",35.00,0.00,23.98,0.00,41.02
DSE-261-8063,"May 31, 2023",35.00,0.00,23.86,0.00,41.14
DSE-262-9418,"Jun 30, 2020",15.09,0.00,0.00,0.00,84.91
DSE-262-9418,"Dec 31, 2021",15.09,0.00,0.00,0.00,84.91
DSE-262-9418,"Jan 31, 2022",15.09,0.00,0.00,0.00,84.91
DSE-263-5216,"Dec 31, 2021",31.55,0.00,18.43,0.00,50.02
DSE-263-5216,"Apr 30, 2023",33.56,0.00,22.38,0.00,44.06
DSE-263-5216,"May 31, 2023",33.56,0.00,28.56,0.00,37.88
DSE-264-3322,"Jun 30, 2022",34.66,0.00,13.98,0.00,51.36
DSE-264-3322,"Apr 30, 2023",34.66,0.00,11.73,0.00,53.61
DSE-264-3322,"May 31, 2023",34.66,0.00,11.75,0.00,53.59
DSE-265-2716,"Dec 31, 2021",73.32,0.00,2.70,0.00,23.98
DSE-265-2716,"Apr 30, 2023",73.49,0.00,2.98,0.00,23.53
DSE-265-2716,"May 31, 2023",73.49,0.00,2.92,0.00,23.59
DSE-266-9130,"Jun 30, 2022",48.60,4.33,8.55,0.00,38.52
DSE-266-9130,"Apr 30, 2023",44.90,4.33,14.75,0.00,36.02
DSE-266-9130,"May 31, 2023",44.90,4.33,14.75,0.00,36.02
DSE-267-5010,"Jun 30, 2022",0.05,51.00,6.54,0.00,42.41
DSE-267-5010,"Apr 30, 2023",0.05,51.00,16.08,0.00,32.87
DSE-267-5010,"May 31, 2023",0.05,51.00,16.18,0.00,32.77
DSE-268-7189,"Jun 30, 2020",30.93,0.00,16.81,0.00,52.26
DSE-268-7189,"Jan 31, 2021",30.93,0.00,17.28,0.00,51.79
DSE-268-7189,"Feb 28, 2021",30.93,0.00,17.28,0.00,51.79
DSE-269-8560,"Jun 30, 2022",44.43,0.00,5.02,0.00,50.55
DSE-269-8560,"Apr 30, 2023",25.81,0.00,18.48,0.00,55.71
DSE-269-8560,"May 31, 2023",25.81,0.00,18.62,0.00,55.57
DSE-270-1795,"Jun 30, 2022",30.01,0.00,28.62,0.00,41.37
DSE-270-1795,"Apr 30, 2023",30.01,0.00,31.15,0.00,38.84
DSE-270-1795,"May 31, 2023",30.01,0.00,31.27,0.00,38.72
DSE-271-3401,"Jun 30, 2022",37.34,0.00,20.09,25.66,16.91
DSE-271-3401,"Apr 30, 2023",40.66,0.00,22.36,23.25,13.73
DSE-271-3401,"May 31, 2023",40.66,0.00,22.08,23.54,13.72
DSE-272-3504,"Dec 31, 2021",32.06,0.00,21.69,0.22,46.03
DSE-272-3504,"Apr 30, 2023",32.04,0.00,31.72,0.22,36.02
DSE-272-3504,"May 31, 2023",32.04,0.00,31.68,0.22,36.06
DSE-273-6755,"Jun 30, 2022",40.61,0.00,16.76,0.19,42.44
DSE-273-6755,"Apr 30, 2023",40.61,0.00,8.24,0.13,51.02
DSE-273-6755,"May 31, 2023",40.61,0.00,7.51,0.10,51.78
DSE-274-6496,"Jun 30, 2022",31.98,0.00,28.65,1.16,38.21
DSE-274-6496,"Apr 30, 2023",31.98,0.00,20.39,1.18,46.45
DSE-274-6496,"May 31, 2023",31.98,0.00,20.49,1.18,46.35
DSE-275-7967,"Dec 31, 2021",34.79,0.00,20.63,0.00,44.58
DSE-275-7967,"Apr 30, 2023",31.56,0.00,17.12,0.00,51.32
DSE-275-7967,"May 31, 2023",31.56,0.00,20.81,0.00,47.63
DSE-276-9954,"Jun 30, 2022",2.06,50.35,32.82,0.86,13.91
DSE-276-9954,"Apr 30, 2023",2.06,50.35,32.00,0.83,14.76
DSE-276-9954,"May 31, 2023",2.06,50.35,31.97,0.83,14.79
DSE-277-9037,"Jun 30, 2022",42.03,0.00,0.54,0.00,57.43
DSE-277-9037,"Apr 30, 2023",35.00,0.00,11.59,0.00,53.41
DSE-277-9037,"May 31, 2023",35.00,0.00,10.44,0.00,54.56
DSE-278-5719,"Dec 31, 2021",48.48,0.00,8.52,0.03,42.97
DSE-278-5719,"Apr 30, 2023",48.49,0.00,14.17,0.02,37.32
DSE-278-5719,"May 31, 2023",48.49,0.00,12.75,0.02,38.74
DSE-279-8617,"Dec 31, 2020",0.00,0.00,0.00,0.00,0.00
DSE-280-5778,"Jun 30, 2022",30.12,0.00,12.64,0.00,57.24
DSE-280-5778,"Apr 30, 2023",30.12,0.00,12.78,0.00,57.10
DSE-280-5778,"May 31, 2023",30.12,0.00,12.79,0.00,57.09
DSE-281-7627,"Jun 30, 2022",49.83,0.00,14.66,0.16,35.35
DSE-281-7627,"Apr 30, 2023",49.92,0.00,12.08,0.15,37.85
DSE-281-7627,"May 31, 2023",49.92,0.00,12.02,0.14,37.92
DSE-282-2173,"Dec 31, 2021",30.41,0.00,20.41,0.00,49.18
DSE-282-2173,"Apr 30, 2023",30.42,0.00,11.86,0.00,57.72
DSE-282-2173,"May 31, 2023",30.42,0.00,15.16,0.00,54.42
DSE-283-8132,"Jun 30, 2022",33.33,0.00,13.35,0.01,53.31
DSE-283-8132,"Apr 30, 2023",33.33,0.00,18.54,0.01,48.12
DSE-283-8132,"May 31, 2023",33.33,0.00,26.25,0.01,40.41
DSE-284-3866,"Jun 30, 2022",24.22,0.00,14.95,0.00,60.83
DSE-284-3866,"Apr 30, 2023",23.59,0.00,15.57,0.00,60.84
DSE-284-3866,"May 31, 2023",23.59,0.00,15.57,0.00,60.84
DSE-285-1652,"Dec 31, 2022",36.02,0.00,7.76,0.00,56.22
DSE-285-1652,"Apr 30, 2023",36.02,0.00,9.04,0.00,54.94
DSE-285-1652,"May 31, 2023",36.02,0.00,9.67,0.00,54.31
DSE-286-1881,"Dec 31, 2021",32.60,0.00,27.00,0.00,40.40
DSE-286-1881,"Apr 30, 2023",30.51,0.00,23.81,0.00,45.68
DSE-286-1881,"May 31, 2023",30.51,0.00,23.56,0.00,45.93
DSE-287-4617,"Jun 30, 2022",10.26,0.00,42.40,0.00,47.34
DSE-287-4617,"Apr 30, 2023",0.00,0.00,52.96,0.00,47.04
DSE-287-4617,"May 31, 2023",0.00,0.00,52.97,0.00,47.03
DSE-288-2571,"Dec 31, 2022",45.62,0.00,24.70,0.00,29.68
DSE-288-2571,"Apr 30, 2023",45.62,0.00,25.17,0.00,29.21
DSE-288-2571,"May 31, 2023",45.62,0.00,26.32,0.00,28.06
DSE-289-2653,"Dec 31, 2017",29.88,0.00,10.66,1.02,58.44
DSE-289-2653,"Apr 30, 2023",23.21,0.00,8.62,0.19,67.98
DSE-289-2653,"May 31, 2023",23.21,0.00,8.62,0.19,67.98
DSE-290-3794,"Jun 30, 2022",10.00,0.00,27.30,0.00,62.70
DSE-290-3794,"Apr 30, 2023",10.00,0.00,20.09,0.00,69.91
DSE-290-3794,"May 31, 2023",10.00,0.00,19.97,0.00,70.03
DSE-291-6200,"Dec 31, 2021",30.01,0.00,10.53,0.00,59.46
DSE-291-6200,"Apr 30, 2023",23.70,0.00,12.99,0.00,63.31
DSE-291-6200,"May 31, 2023",23.70,0.00,16.63,0.00,59.67
DSE-292-6941,"Jun 30, 2022",75.00,0.00,15.77,0.19,9.04
DSE-292-6941,"Apr 30, 2023",75.00,0.00,15.84,0.06,9.10
DSE-292-6941,"May 31, 2023",75.00,0.00,15.89,0.06,9.05
DSE-293-4490,"Dec 31, 2021",42.07,0.00,20.94,0.00,36.99
DSE-293-4490,"Apr 30, 2023",41.94,0.00,19.04,0.00,39.02
DSE-293-4490,"May 31, 2023",41.94,0.00,19.41,0.00,38.65
DSE-294-4357,"Dec 31, 2021",38.37,0.00,30.70,0.00,30.93
DSE-294-4357,"Apr 30, 2023",38.37,0.00,29.33,0.00,32.30
DSE-294-4357,"May 31, 2023",38.37,0.00,34.34,0.00,27.29
DSE-295-4036,"Dec 31, 2021",0.00,0.00,0.00,0.00,0.00
DSE-296-3563,"Dec 31, 2021",34.97,0.00,17.88,1.95,45.20
DSE-296-3563,"Apr 30, 2023",34.97,0.00,23.82,0.82,40.39
DSE-296-3563,"May 31, 2023",34.97,0.00,23.63,0.82,40.58
DSE-297-5214,"Jun 30, 2022",47.15,0.00,20.84,0.03,31.98
DSE-297-5214,"Apr 30, 2023",47.15,0.00,23.70,0.04,29.11
DSE-297-5214,"May 31, 2023",47.15,0.00,22.53,0.03,30.29
DSE-298-1315,"Dec 31, 2021",30.00,0.00,24.62,0.00,45.38
DSE-298-1315,"Apr 30, 2023",30.00,0.00,24.06,0.00,45.94
DSE-298-1315,"May 31, 2023",30.00,0.00,23.93,0.00,46.07
DSE-299-2843,"Jun 30, 2022",20.00,0.00,58.85,1.95,19.20
DSE-299-2843,"Apr 30, 2023",20.00,0.00,58.66,1.95,19.39
DSE-299-2843,"May 31, 2023",20.00,0.00,58.68,1.95,19.37
DSE-300-4949,"Dec 31, 2022",39.21,0.00,38.09,0.50,22.20
DSE-300-4949,"Apr 30, 2023",39.21,0.00,38.78,0.50,21.51
DSE-300-4949,"May 31, 2023",39.21,0.00,38.80,0.50,21.49
DSE-301-5275,"Dec 31, 2020",59.14,0.00,12.28,0.01,28.57
DSE-301-5275,"Apr 30, 2023",59.14,0.00,7.76,0.01,33.09
DSE-301-5275,"May 31, 2023",59.14,0.00,7.74,0.01,33.11
DSE-302-6541,"Dec 31, 2021",30.45,0.00,19.24,0.00,50.31
DSE-302-6541,"Apr 30, 2023",30.04,0.00,25.27,0.00,44.69
DSE-302-6541,"May 31, 2023",30.04,0.00,25.26,0.00,44.70
DSE-303-3676,"Dec 31, 2021",36.08,0.00,39.70,0.09,24.13
DSE-303-3676,"Apr 30, 2023",34.08,0.00,41.57,0.06,24.29
DSE-303-3676,"May 31, 2023",36.08,0.00,39.87,0.04,24.01
DSE-304-1993,"Jun 30, 2022",50.00,0.00,13.98,0.25,35.77
DSE-304-1993,"Apr 30, 2023",50.00,0.00,4.65,0.25,45.10
DSE-304-1993,"May 31, 2023",50.00,0.00,4.65,0.25,45.10
DSE-305-7126,"Dec 31, 2019",39.49,0.00,18.51,0.00,42.00
DSE-305-7126,"Apr 30, 2023",38.82,0.00,10.75,0.00,50.43
DSE-305-7126,"May 31, 2023",38.82,0.00,10.75,0.00,50.43
DSE-306-6860,"Dec 31, 2021",30.03,0.00,23.48,0.00,46.49
DSE-306-6860,"Apr 30, 2023",30.03,0.00,13.69,0.00,56.28
DSE-306-6860,"May 31, 2023",30.03,0.00,18.68,0.00,51.29
DSE-307-4911,"Jun 30, 2022",60.95,0.00,9.26,4.10,25.69
DSE-307-4911,"Apr 30, 2023",60.95,0.00,9.42,4.38,25.25
DSE-307-4911,"May 31, 2023",60.95,0.00,10.04,4.38,24.63
DSE-308-3883,"Dec 31, 2021",31.50,0.00,26.79,0.22,41.49
DSE-308-3883,"Apr 30, 2023",31.50,0.00,27.77,0.19,40.54
DSE-308-3883,"May 31, 2023",31.50,0.00,27.78,0.19,40.53
DSE-309-9913,"Dec 31, 2021",31.57,0.00,9.54,0.00,58.89
DSE-309-9913,"Apr 30, 2023",31.58,0.00,23.92,0.01,44.49
DSE-309-9913,"May 31, 2023",31.58,0.00,27.45,0.00,40.97
DSE-310-6159,"Jun 30, 2022",30.00,0.00,16.96,0.00,53.04
DSE-310-6159,"Apr 30, 2023",30.00,0.00,13.94,0.00,56.06
DSE-310-6159,"May 31, 2023",30.00,0.00,14.00,0.00,56.00
DSE-311-2689,"Jun 30, 2022",53.23,0.00,14.53,1.57,30.67
DSE-311-2689,"Apr 30, 2023",53.23,0.00,6.83,1.58,38.36
DSE-311-2689,"May 31, 2023",53.23,0.00,7.93,1.58,37.26
DSE-312-8403,"Jun 30, 2022",37.38,0.00,13.19,4.99,44.44
DSE-312-8403,"Apr 30, 2023",37.38,0.00,10.88,4.99,46.75
DSE-312-8403,"May 31, 2023",37.38,0.00,10.88,4.99,46.75
DSE-313-3722,"Jun 30, 2022",70.94,0.00,5.98,0.00,23.08
DSE-313-3722,"Apr 30, 2023",70.94,0.00,7.52,0.00,21.54
DSE-313-3722,"May 31, 2023",70.94,0.00,7.49,0.00,21.57
DSE-314-4850,"Dec 31, 2022",72.08,0.00,16.28,0.00,11.64
DSE-314-4850,"Apr 30, 2023",72.08,0.00,16.30,0.00,11.62
DSE-314-4850,"May 31, 2023",72.08,0.00,16.31,0.00,11.61
DSE-315-7572,"Jun 30, 2022",49.89,0.00,16.62,0.00,33.49
DSE-315-7572,"Apr 30, 2023",49.89,0.00,16.71,0.00,33.40
DSE-315-7572,"May 31, 2023",49.89,0.00,16.72,0.00,33.39
DSE-316-2441,"Jun 30, 2022",36.19,0.00,19.66,0.00,44.15
DSE-316-2441,"Apr 30, 2023",37.51,0.00,17.26,0.00,45.23
DSE-316-2441,"May 31, 2023",37.51,0.00,16.27,0.00,46.22
DSE-317-7444,"Dec 31, 2022",82.96,3.77,4.49,2.82,5.96
DSE-317-7444,"Apr 30, 2023",82.96,3.78,4.52,2.78,5.96
DSE-317-7444,"May 31, 2023",82.96,3.78,4.54,2.78,5.94
DSE-318-5676,"Jun 30, 2021",54.55,0.00,6.00,0.00,39.45
DSE-318-5676,"Jul 31, 2022",54.55,0.00,4.69,0.00,40.76
DSE-318-5676,"May 31, 2023",54.55,0.00,4.61,0.00,40.84
DSE-319-7159,"Jun 30, 2022",20.00,0.00,35.47,0.00,44.53
DSE-319-7159,"Apr 30, 2023",20.00,0.00,36.74,0.00,43.26
DSE-319-7159,"May 31, 2023",20.00,0.00,37.24,0.00,42.76
DSE-320-6045,"Dec 31, 2022",64.24,0.00,1.71,0.00,34.05
DSE-320-6045,"Apr 30, 2023",64.24,0.00,2.46,0.00,33.30
DSE-320-6045,"May 31, 2023",64.24,0.00,2.46,0.00,33.30
DSE-321-8700,"Jun 30, 2022",51.29,0.00,19.39,22.91,6.41
DSE-321-8700,"Apr 30, 2023",51.29,0.00,19.42,22.73,6.56
DSE-321-8700,"May 31, 2023",51.29,0.00,19.43,22.72,6.56
DSE-322-1823,"Jun 30, 2022",0.00,51.00,21.43,0.00,27.57
DSE-322-1823,"Apr 30, 2023",0.00,51.00,21.39,0.00,27.61
DSE-322-1823,"May 31, 2023",0.00,51.00,21.25,0.00,27.75
DSE-323-2784,"Dec 31, 2021",31.67,0.00,17.74,0.00,50.59
DSE-323-2784,"Apr 30, 2023",38.31,0.00,16.95,0.00,44.74
DSE-323-2784,"May 31, 2023",38.31,0.00,17.56,0.00,44.13
DSE-324-6529,"Jun 30, 2019",0.00,0.00,0.00,0.00,0.00
DSE-324-6529,"Mar 31, 2023",21.32,0.00,11.07,6.79,60.82
DSE-324-6529,"Apr 30, 2023",21.32,0.00,11.07,6.79,60.82
DSE-325-2504,"Jun 30, 2022",30.00,0.00,11.03,0.04,58.93
DSE-325-2504,"Apr 30, 2023",30.00,0.00,10.82,0.04,59.14
DSE-325-2504,"May 31, 2023",30.00,0.00,10.83,0.04,59.13
DSE-326-8021,"Dec 31, 2022",90.00,0.00,1.66,0.00,8.34
DSE-326-8021,"Apr 30, 2023",90.00,0.00,1.65,0.00,8.35
DSE-326-8021,"May 31, 2023",90.00,0.00,1.65,0.00,8.35
DSE-327-5167,"Jun 30, 2021",47.03,0.00,18.52,0.00,34.45
DSE-327-5167,"Apr 30, 2023",29.93,0.00,33.63,0.00,36.44
DSE-327-5167,"May 31, 2023",29.93,0.00,35.16,0.00,34.91
DSE-328-7808,"Jun 30, 2022",41.23,0.00,35.56,0.00,23.21
DSE-328-7808,"Apr 30, 2023",41.23,0.00,35.44,0.00,23.33
DSE-328-7808,"May 31, 2023",41.23,0.00,35.45,0.00,23.32
DSE-329-2657,"Dec 31, 2021",0.00,90.19,4.38,0.00,5.43
DSE-329-2657,"Apr 30, 2023",0.00,90.19,4.54,0.00,5.27
DSE-329-2657,"May 31, 2023",0.00,90.19,4.54,0.00,5.27
DSE-330-2510,"Dec 31, 2021",46.25,0.00,10.78,0.00,42.97
DSE-330-2510,"Apr 30, 2023",46.47,0.00,13.52,0.00,40.01
DSE-330-2510,"May 31, 2023",46.47,0.00,13.93,0.00,39.60
DSE-331-9900,"Dec 31, 2021",32.07,0.00,9.63,0.00,58.30
DSE-331-9900,"Mar 31, 2023",32.07,0.00,24.40,0.00,43.53
DSE-331-9900,"Apr 30, 2023",32.07,0.00,26.55,0.00,41.38
DSE-332-3199,"Jun 30, 2022",30.00,0.00,13.71,0.00,56.29
DSE-332-3199,"Apr 30, 2023",30.00,0.00,3.70,0.00,66.30
DSE-332-3199,"May 31, 2023",30.00,0.00,3.40,0.00,66.60
DSE-333-2980,"Jun 30, 2022",40.06,0.00,17.90,0.00,42.04
DSE-333-2980,"Apr 30, 2023",40.06,0.00,17.75,0.00,42.19
DSE-333-2980,"May 31, 2023",40.06,0.00,17.68,0.00,42.26
DSE-334-3469,"Jun 30, 2022",42.40,0.00,14.09,0.00,43.51
DSE-334-3469,"Apr 30, 2023",42.40,0.00,10.78,0.00,46.82
DSE-334-3469,"May 31, 2023",42.40,0.00,10.95,0.00,46.65
DSE-335-1478,"Jun 30, 2022",33.70,0.00,21.04,0.00,45.26
DSE-335-1478,"Apr 30, 2023",34.20,0.00,14.95,0.00,50.85
DSE-335-1478,"May 31, 2023",34.20,0.00,15.53,0.00,50.27
DSE-336-6288,"Jun 30, 2022",53.07,0.00,30.25,0.00,16.68
DSE-336-6288,"Apr 30, 2023",48.50,0.00,34.06,0.00,17.44
DSE-336-6288,"May 31, 2023",48.50,0.00,34.06,0.00,17.44
DSE-337-1994,"Jun 30, 2022",25.18,0.00,13.06,0.00,61.76
DSE-337-1994,"Apr 30, 2023",25.18,0.00,9.75,0.00,65.07
DSE-337-1994,"May 31, 2023",25.18,0.00,9.83,0.00,64.99
DSE-338-8673,"Jun 30, 2022",33.88,0.00,4.24,0.00,61.88
DSE-338-8673,"Apr 30, 2023",33.88,0.00,4.24,0.00,61.88
DSE-338-8673,"May 31, 2023",33.88,0.00,4.22,0.00,61.90
DSE-339-9086,"Jun 30, 2022",45.64,0.00,6.30,0.01,48.05
DSE-339-9086,"Apr 30, 2023",45.64,0.00,11.18,0.01,43.17
DSE-339-9086,"May 31, 2023",45.64,0.00,10.09,0.01,44.26
DSE-340-3010,"Dec 31, 2021",31.45,0.00,10.33,0.00,58.22
DSE-340-3010,"Apr 30, 2023",31.45,0.00,13.96,0.00,54.59
DSE-340-3010,"May 31, 2023",31.45,0.00,18.44,0.00,50.11
DSE-341-1183,"Jun 30, 2022",59.00,0.00,13.82,3.85,23.33
DSE-341-1183,"Apr 30, 2023",59.00,0.00,14.05,3.78,23.17
DSE-341-1183,"May 31, 2023",59.00,0.00,13.92,3.95,23.13
DSE-342-2074,"Jun 30, 2022",50.68,0.00,7.18,0.00,42.14
DSE-342-2074,"Apr 30, 2023",50.68,0.00,7.18,0.00,42.14
DSE-342-2074,"May 31, 2023",50.68,0.00,7.18,0.00,42.14
DSE-343-7961,"Dec 31, 2021",73.48,0.00,11.64,0.00,14.88
DSE-343-7961,"Apr 30, 2023",75.51,0.00,9.31,0.00,15.18
DSE-343-7961,"May 31, 2023",75.51,0.00,9.31,0.00,15.18
DSE-344-2130,"Jun 30, 2022",46.83,0.00,26.64,0.00,26.53
DSE-344-2130,"Apr 30, 2023",46.83,0.00,25.91,0.00,27.26
DSE-344-2130,"May 31, 2023",46.83,0.00,25.24,0.00,27.93
DSE-345-9044,"Jun 30, 2022",14.39,0.00,22.18,0.00,63.43
DSE-345-9044,"Apr 30, 2023",14.39,0.00,17.60,0.00,68.01
DSE-345-9044,"May 31, 2023",14.39,0.00,16.94,0.00,68.67
DSE-346-6968,"Jun 30, 2022",50.00,0.00,25.41,0.00,24.59
DSE-346-6968,"Apr 30, 2023",50.00,0.00,26.10,0.00,23.90
DSE-346-6968,"May 31, 2023",50.00,0.00,26.50,0.00,23.50
DSE-347-7765,"Jun 30, 2022",10.00,0.00,11.36,0.00,78.64
DSE-347-7765,"Apr 30, 2023",10.00,0.00,9.47,0.00,80.53
DSE-347-7765,"May 31, 2023",10.00,0.00,12.70,0.00,77.30
DSE-348-6818,"Dec 31, 2022",48.22,0.00,14.76,0.15,36.87
DSE-348-6818,"Apr 30, 2023",48.22,0.00,14.71,0.15,36.92
DSE-348-6818,"May 31, 2023",48.22,0.00,14.76,0.15,36.87
DSE-349-4737,"Jun 30, 2022",37.56,0.00,21.13,0.17,41.14
DSE-349-4737,"Mar 31, 2023",37.56,0.00,22.67,0.00,39.77
DSE-349-4737,"Apr 30, 2023",37.56,0.00,22.64,0.00,39.80
DSE-350-5387,"Jun 30, 2022",51.48,0.00,23.29,9.44,15.79
DSE-350-5387,"Apr 30, 2023",51.48,0.00,23.28,9.49,15.75
DSE-350-5387,"May 31, 2023",51.48,0.00,23.28,9.49,15.75
DSE-351-7680,"Jun 30, 2019",9.99,0.00,22.80,0.00,67.21
DSE-351-7680,"Apr 30, 2023",12.01,0.00,12.05,0.00,75.94
DSE-351-7680,"May 31, 2023",12.01,0.00,12.00,0.00,75.99
DSE-352-9232,"Jun 30, 2022",0.00,51.00,2.43,0.00,46.57
DSE-352-9232,"Mar 31, 2023",0.00,51.00,2.24,0.00,46.76
DSE-352-9232,"Apr 30, 2023",0.00,51.00,2.25,0.00,46.75
DSE-353-5736,"Dec 31, 2021",32.06,0.00,47.58,1.32,19.04
DSE-353-5736,"Apr 30, 2023",32.06,0.00,48.06,1.18,18.70
DSE-353-5736,"May 31, 2023",32.06,0.00,48.42,1.18,18.34
DSE-354-2458,"Jun 30, 2022",39.12,0.00,8.99,0.00,51.89
DSE-354-2458,"Apr 30, 2023",39.00,0.00,12.18,0.00,48.82
DSE-354-2458,"May 31, 2023",38.99,0.00,12.84,0.00,48.17
DSE-355-2781,"Jun 30, 2022",51.44,0.00,13.69,0.01,34.86
DSE-355-2781,"Apr 30, 2023",50.94,0.00,16.36,0.01,32.69
DSE-355-2781,"May 31, 2023",50.94,0.00,15.52,0.01,33.53
DSE-356-7565,"Jun 30, 2022",30.00,0.00,19.16,0.00,50.84
DSE-356-7565,"Apr 30, 2023",31.65,0.00,15.39,0.00,52.96
DSE-356-7565,"May 31, 2023",31.65,0.00,12.16,0.00,56.19
DSE-357-2229,"Dec 31, 2022",57.00,0.00,24.86,4.52,13.62
DSE-357-2229,"Apr 30, 2023",57.00,0.00,24.88,4.41,13.71
DSE-357-2229,"May 31, 2023",57.00,0.00,24.73,4.41,13.86
DSE-358-9220,"Jun 30, 2022",30.61,0.00,4.72,0.00,64.67
DSE-358-9220,"Apr 30, 2023",30.61,0.00,14.24,0.00,55.15
DSE-358-9220,"May 31, 2023",30.61,0.00,15.52,0.00,53.87
DSE-359-7053,"Dec 31, 2020",0.00,0.00,0.00,0.00,0.00
DSE-360-3807,"Dec 31, 2022",60.00,0.00,6.78,0.00,33.22
DSE-360-3807,"Apr 30, 2023",60.00,0.00,4.54,0.00,35.46
DSE-360-3807,"May 31, 2023",60.00,0.00,6.61,0.00,33.39
DSE-361-2920,"Jun 30, 2022",31.23,0.00,23.49,0.00,45.28
DSE-361-2920,"Apr 30, 2023",31.23,0.00,26.05,0.00,42.72
DSE-361-2920,"May 31, 2023",31.23,0.00,24.91,0.00,43.86
DSE-362-5765,"Jun 30, 2022",50.78,0.00,5.63,0.00,43.59
DSE-362-5765,"Mar 31, 2023",50.78,0.00,5.63,0.00,43.59
DSE-362-5765,"Apr 30, 2023",50.78,0.00,5.63,0.00,43.59
DSE-363-2127,"Dec 31, 2021",54.58,0.00,5.77,0.00,39.65
DSE-363-2127,"Apr 30, 2023",54.85,0.00,5.05,0.00,40.10
DSE-363-2127,"May 31, 2023",54.85,0.00,11.72,0.00,33.43
DSE-364-7092,"Jun 30, 2022",67.51,0.00,10.30,0.00,22.19
DSE-364-7092,"Apr 30, 2023",67.51,0.00,6.45,0.00,26.04
DSE-364-7092,"May 31, 2023",67.51,0.00,5.30,0.00,27.19
DSE-365-9938,"Dec 31, 2021",36.78,0.00,6.82,0.00,56.40
DSE-365-9938,"Apr 30, 2023",39.52,0.00,10.14,0.00,50.34
DSE-365-9938,"May 31, 2023",39.52,0.00,12.21,0.00,48.27
DSE-366-6642,"Jun 30, 2022",44.55,0.00,1.80,0.00,53.65
DSE-366-6642,"Apr 30, 2023",44.55,0.00,1.80,0.00,53.65
DSE-366-6642,"May 31, 2023",44.55,0.00,1.80,0.00,53.65
DSE-367-5161,"Dec 31, 2021",30.42,0.00,38.78,1.27,29.53
DSE-367-5161,"Apr 30, 2023",35.30,0.00,35.43,1.41,27.86
DSE-367-5161,"May 31, 2023",35.30,0.00,36.63,1.41,26.66
DSE-368-8237,"Jun 30, 2022",50.00,0.00,5.04,0.00,44.96
DSE-368-8237,"Apr 30, 2023",50.00,0.00,6.50,0.00,43.50
DSE-368-8237,"May 31, 2023",50.00,0.00,6.80,0.00,43.20
DSE-369-1566,"Jun 30, 2022",60.29,0.00,17.31,0.00,22.40
DSE-369-1566,"Apr 30, 2023",59.21,0.00,16.21,0.00,24.58
DSE-369-1566,"May 31, 2023",59.21,0.00,16.21,0.00,24.58
DSE-370-1886,"Jun 30, 2022",61.83,0.00,22.69,3.09,12.39
DSE-370-1886,"Apr 30, 2023",61.83,0.00,22.40,3.07,12.70
DSE-370-1886,"May 31, 2023",61.83,0.00,22.42,3.07,12.68
DSE-371-6839,"Jun 30, 2022",34.67,0.00,14.85,13.91,36.57
DSE-371-6839,"Apr 30, 2023",34.67,0.00,15.09,13.21,37.03
DSE-371-6839,"May 31, 2023",34.67,0.00,15.21,13.13,36.99
DSE-372-2234,"Jun 30, 2022",31.79,0.00,11.14,0.00,57.07
DSE-372-2234,"Apr 30, 2023",31.79,0.00,11.30,0.00,56.91
DSE-372-2234,"May 31, 2023",31.79,0.00,11.30,0.00,56.91
DSE-373-3550,"Jun 30, 2022",30.50,0.00,3.97,0.00,65.53
DSE-373-3550,"Apr 30, 2023",30.50,0.00,4.57,0.00,64.93
DSE-373-3550,"May 31, 2023",30.50,0.00,4.64,0.00,64.86
DSE-374-8609,"Dec 31, 2021",65.32,0.00,13.52,0.00,21.16
DSE-374-8609,"Apr 30, 2023",64.28,0.00,12.34,0.00,23.38
DSE-374-8609,"May 31, 2023",64.28,0.00,12.34,0.00,23.38
DSE-375-6751,"Dec 31, 2021",38.92,0.00,25.30,0.41,35.37
DSE-375-6751,"Apr 30, 2023",36.19,0.00,28.36,0.38,35.07
DSE-375-6751,"May 31, 2023",36.19,0.00,28.93,0.33,34.55
DSE-376-5670,"Jun 30, 2022",38.81,0.00,4.64,0.00,56.55
DSE-376-5670,"Apr 30, 2023",38.81,0.00,1.35,0.00,59.84
DSE-376-5670,"May 31, 2023",38.81,0.00,1.34,0.00,59.85
DSE-377-6549,"Jun 30, 2022",63.21,0.00,18.77,3.65,14.37
DSE-377-6549,"Apr 30, 2023",63.18,0.00,18.67,3.65,14.50
DSE-377-6549,"May 31, 2023",63.18,0.00,18.67,3.65,14.50
DSE-378-3382,"Dec 31, 2021",40.80,0.00,25.06,0.00,34.14
DSE-378-3382,"Mar 31, 2023",38.29,0.00,16.16,0.00,45.55
DSE-378-3382,"Apr 30, 2023",38.29,0.00,17.67,0.00,44.04
DSE-379-6296,"Dec 31, 2021",52.34,0.00,16.24,0.08,31.34
DSE-379-6296,"May 31, 2022",48.26,0.00,16.72,0.07,34.95
DSE-379-6296,"Jun 30, 2022",48.26,0.00,15.54,0.07,36.13
DSE-380-2813,"Jun 30, 2022",30.00,0.00,20.30,0.16,49.54
DSE-380-2813,"Apr 30, 2023",30.00,0.00,20.29,0.12,49.59
DSE-380-2813,"May 31, 2023",30.00,0.00,20.37,0.16,49.47
DSE-381-6017,"Jun 30, 2022",61.23,0.00,0.30,0.00,38.47
DSE-381-6017,"Apr 30, 2023",61.23,0.00,0.28,0.00,38.49
DSE-381-6017,"May 31, 2023",61.23,0.00,1.49,0.00,37.28
DSE-382-2847,"Dec 31, 2021",0.00,0.00,0.00,0.00,0.00
DSE-382-2847,"Apr 30, 2023",51.35,0.00,8.50,0.00,40.15
DSE-383-6466,"Jun 30, 2022",0.00,75.00,15.40,0.47,9.13
DSE-383-6466,"Apr 30, 2023",0.00,75.00,15.00,0.18,9.82
DSE-383-6466,"May 31, 2023",0.00,75.00,15.03,0.18,9.79
DSE-384-8798,"Jun 30, 2022",47.12,0.00,25.41,0.00,27.47
DSE-384-8798,"Apr 30, 2023",45.57,0.00,24.27,0.00,30.16
DSE-384-8798,"May 31, 2023",45.57,0.00,27.41,0.00,27.02
DSE-385-7506,"Jun 30, 2022",1.51,0.00,32.12,0.00,66.37
DSE-385-7506,"Apr 30, 2023",1.51,0.00,32.37,0.00,66.12
DSE-385-7506,"May 31, 2023",1.51,0.00,32.38,0.00,66.11
DSE-386-7295,"Dec 31, 2021",60.00,0.00,16.09,0.16,23.75
DSE-386-7295,"Apr 30, 2023",60.00,0.00,17.39,0.13,22.48
DSE-386-7295,"May 31, 2023",60.00,0.00,17.36,0.13,22.51
DSE-387-6705,"Jun 30, 2022",30.04,0.00,7.46,0.00,62.50
DSE-387-6705,"Apr 30, 2023",30.04,0.00,7.68,0.00,62.28
DSE-387-6705,"May 31, 2023",30.04,0.00,7.79,0.00,62.17
DSE-388-8124,"Dec 31, 2021",34.64,0.81,20.61,0.82,43.12
DSE-388-8124,"Apr 30, 2023",34.64,0.81,21.40,0.73,42.42
DSE-388-8124,"May 31, 2023",34.64,0.81,21.40,0.72,42.43
DSE-389-4363,"Dec 31, 2022",86.96,0.00,8.82,0.29,3.93
DSE-389-4363,"Apr 30, 2023",86.04,0.00,9.42,0.29,4.25
DSE-389-4363,"May 31, 2023",86.04,0.00,9.46,0.29,4.21
DSE-390-8399,"Dec 31, 2021",56.50,0.00,7.65,0.02,35.83
DSE-390-8399,"Apr 30, 2023",56.50,0.00,10.65,0.00,32.85
DSE-390-8399,"May 31, 2023",56.50,0.00,10.68,0.00,32.82
DSE-391-8687,"Dec 31, 2021",35.20,0.00,16.47,0.00,48.33
DSE-391-8687,"Apr 30, 2023",33.00,0.00,21.98,0.00,45.02
DSE-391-8687,"May 31, 2023",33.00,0.00,23.37,0.00,43.63
DSE-392-4569,"Dec 31, 2021",46.54,0.00,8.50,0.00,44.96
DSE-392-4569,"Mar 31, 2023",46.54,0.00,7.24,0.00,46.22
DSE-392-4569,"Apr 30, 2023",46.54,0.00,7.80,0.00,45.66
DSE-393-2790,"Jun 30, 2022",46.03,0.00,26.28,0.54,27.15
DSE-393-2790,"Apr 30, 2023",46.03,0.00,29.82,0.54,23.61
DSE-393-2790,"May 31, 2023",46.03,0.00,28.87,0.62,24.48
DSE-394-8514,"Dec 31, 2022",51.83,0.00,18.98,0.00,29.19
DSE-394-8514,"Apr 30, 2023",51.83,0.00,19.13,0.00,29.04
DSE-394-8514,"May 31, 2023",51.83,0.00,19.14,0.00,29.03
DSE-395-2184,"Dec 31, 2022",48.61,0.00,30.50,0.00,20.89
DSE-395-2184,"Apr 30, 2023",48.61,0.00,30.53,0.00,20.86
DSE-395-2184,"May 31, 2023",48.61,0.00,31.04,0.00,20.35
DSE-396-7197,"Jun 30, 2022",90.00,0.00,7.37,0.03,2.60
DSE-396-7197,"Apr 30, 2023",90.00,0.00,7.36,0.02,2.62
DSE-396-7197,"May 31, 2023",90.00,0.00,7.36,0.02,2.62
DSE-397-2956,"Jun 30, 2022",2.00,51.00,14.10,0.00,32.90
DSE-397-2956,"Apr 30, 2023",2.00,51.00,14.44,0.00,32.56
DSE-397-2956,"May 31, 2023",2.00,51.00,14.62,0.00,32.38
DSE-398-1393,"Dec 31, 2022",30.56,0.00,32.18,0.78,36.48
DSE-398-1393,"Apr 30, 2023",30.56,0.00,32.03,0.72,36.69
DSE-398-1393,"May 31, 2023",30.56,0.00,32.23,0.72,36.49
DSE-399-1130,"Dec 31, 2019",48.34,0.00,34.96,3.91,12.79
DSE-399-1130,"Apr 30, 2023",40.44,0.00,32.53,7.82,19.21
DSE-399-1130,"May 31, 2023",40.44,0.00,32.60,7.82,19.14
DSE-400-8726,"Sep 30, 2022",1.92,0.00,79.12,0.00,18.96
DSE-400-8726,"Apr 30, 2023",1.92,0.00,79.03,0.00,19.05
DSE-400-8726,"May 31, 2023",1.92,0.00,79.19,0.00,18.89
DSE-401-5199,"Dec 31, 2022",25.20,0.00,63.61,0.00,11.19
DSE-401-5199,"Apr 30, 2023",25.20,0.00,63.58,0.00,11.22
DSE-401-5199,"May 31, 2023",25.20,0.00,63.58,0.00,11.22
DSE-402-9694,"Jun 30, 2022",30.77,0.00,12.98,0.29,55.97
DSE-402-9694,"Apr 30, 2023",30.77,0.00,9.02,0.03,60.18
DSE-402-9694,"May 31, 2023",30.77,0.00,9.02,0.03,60.18
DSE-403-7344,"Jun 30, 2022",99.03,0.00,0.37,0.10,0.50
DSE-403-7344,"Apr 30, 2023",99.00,0.00,0.38,0.10,0.52
DSE-403-7344,"May 31, 2023",99.00,0.00,0.38,0.10,0.52
DSE-404-7434,"Jun 30, 2022",36.41,0.00,36.30,0.00,27.29
DSE-404-7434,"Apr 30, 2023",36.41,0.00,36.57,0.00,27.02
DSE-404-7434,"May 31, 2023",36.41,0.00,36.59,0.00,27.00
DSE-405-8651,"Jun 30, 2020",30.01,0.00,16.61,0.00,53.38
DSE-405-8651,"Nov 30, 2022",30.01,0.00,18.20,0.00,51.79
DSE-405-8651,"Apr 30, 2023",30.01,0.00,17.25,0.00,52.74
DSE-406-3491,"Jun 30, 2021",30.52,0.00,14.01,0.00,55.47
DSE-406-3491,"Mar 31, 2023",30.52,0.00,23.42,0.00,46.06
DSE-406-3491,"Apr 30, 2023",30.52,0.00,23.20,0.00,46.28
DSE-407-8845,"Jun 30, 2022",31.10,0.00,31.56,0.00,37.34
DSE-407-8845,"Mar 31, 2023",31.10,0.00,26.86,0.00,42.04
DSE-407-8845,"Apr 30, 2023",31.10,0.00,27.42,0.00,41.48
DSE-408-5901,"Jun 30, 2022",36.94,0.00,22.02,0.00,41.04
DSE-408-5901,"Apr 30, 2023",36.94,0.00,21.75,0.00,41.31
DSE-408-5901,"May 31, 2023",36.94,0.00,21.73,0.00,41.33
DSE-409-9877,"Jun 30, 2022",0.00,51.00,11.28,0.00,37.72
DSE-409-9877,"Mar 31, 2023",0.00,51.00,12.75,0.00,36.25
DSE-409-9877,"Apr 30, 2023",0.00,51.00,13.10,0.00,35.90
DSE-410-3021,"Jun 30, 2022",25.00,0.00,34.50,0.00,40.50
DSE-410-3021,"Apr 30, 2023",25.00,0.00,34.97,0.00,40.03
DSE-410-3021,"May 31, 2023",25.00,0.00,34.94,0.00,40.06
DSE-411-5375,"Dec 31, 2022",2.00,0.00,12.67,0.01,85.32
DSE-411-5375,"Apr 30, 2023",2.00,0.00,12.61,0.01,85.38
DSE-411-5375,"May 31, 2023",2.00,0.00,18.26,0.01,79.73
